Code,Name,Exchange,Type,Source
#00001,长和,HKG,Stocks,ak
#00002,中电控股,HKG,Stocks,ak
#00003,香港中华煤气,HKG,Stocks,ak
#00004,九龙仓集团,HKG,Stocks,ak
#00005,汇丰控股,HKG,Stocks,ak
#00006,电能实业,HKG,Stocks,ak
#00007,香港金融集团,HKG,Stocks,ak
#00008,电讯盈科,HKG,Stocks,ak
#00009,金奥国际,HKG,Stocks,ak
#00010,恒隆集团,HKG,Stocks,ak
#00011,恒生银行,HKG,Stocks,ak
#00012,恒基地产,HKG,Stocks,ak
#00014,希慎兴业,HKG,Stocks,ak
#00016,新鸿基地产,HKG,Stocks,ak
#00017,新世界发展,HKG,Stocks,ak
#00018,东方报业集团,HKG,Stocks,ak
#00019,太古股份公司A,HKG,Stocks,ak
#00021,大中华地产控股,HKG,Stocks,ak
#00022,茂盛控股,HKG,Stocks,ak
#00023,东亚银行,HKG,Stocks,ak
#00024,宝威控股,HKG,Stocks,ak
#00025,其士国际,HKG,Stocks,ak
#00026,中华汽车,HKG,Stocks,ak
#00027,银河娱乐,HKG,Stocks,ak
#00028,天安,HKG,Stocks,ak
#00029,达力集团,HKG,Stocks,ak
#00030,万隆控股集团,HKG,Stocks,ak
#00031,航天控股,HKG,Stocks,ak
#00032,港通控股,HKG,Stocks,ak
#00033,安山金控,HKG,Stocks,ak
#00034,九龙建业,HKG,Stocks,ak
#00035,远东发展,HKG,Stocks,ak
#00036,远东控股国际,HKG,Stocks,ak
#00037,远东酒店实业,HKG,Stocks,ak
#00038,第一拖拉机股份,HKG,Stocks,ak
#00039,中国北大荒,HKG,Stocks,ak
#00040,金山工业,HKG,Stocks,ak
#00041,鹰君,HKG,Stocks,ak
#00042,东北电气,HKG,Stocks,ak
#00043,卜蜂国际,HKG,Stocks,ak
#00045,大酒店,HKG,Stocks,ak
#00046,科联系统,HKG,Stocks,ak
#00047,合兴集团,HKG,Stocks,ak
#00048,中国汽车内饰,HKG,Stocks,ak
#00050,香港小轮(集团),HKG,Stocks,ak
#00051,海港企业,HKG,Stocks,ak
#00052,大快活集团,HKG,Stocks,ak
#00053,国浩集团,HKG,Stocks,ak
#00055,中星集团控股,HKG,Stocks,ak
#00057,震雄集团,HKG,Stocks,ak
#00058,新威国际,HKG,Stocks,ak
#00059,天誉置业,HKG,Stocks,ak
#00060,香港食品投资,HKG,Stocks,ak
#00061,绿领控股,HKG,Stocks,ak
#00062,载通,HKG,Stocks,ak
#00063,中亚烯谷集团,HKG,Stocks,ak
#00064,结好控股,HKG,Stocks,ak
#00065,弘海高新资源,HKG,Stocks,ak
#00066,港铁公司,HKG,Stocks,ak
#00067,旭光高新材料,HKG,Stocks,ak
#00068,利兴发展,HKG,Stocks,ak
#00069,香格里拉(亚洲),HKG,Stocks,ak
#00070,金粤控股,HKG,Stocks,ak
#00071,美丽华酒店,HKG,Stocks,ak
#00072,现代传播,HKG,Stocks,ak
#00073,亚洲果业,HKG,Stocks,ak
#00075,渝太地产,HKG,Stocks,ak
#00076,谊砾控股,HKG,Stocks,ak
#00077,进智公共交通,HKG,Stocks,ak
#00078,富豪酒店,HKG,Stocks,ak
#00079,世纪建业,HKG,Stocks,ak
#00080,中国新经济投资,HKG,Stocks,ak
#00081,中国海外宏洋集团,HKG,Stocks,ak
#00082,第一视频,HKG,Stocks,ak
#00083,信和置业,HKG,Stocks,ak
#00084,宝光实业,HKG,Stocks,ak
#00085,中电华大科技,HKG,Stocks,ak
#00086,新鸿基公司,HKG,Stocks,ak
#00087,太古股份公司B,HKG,Stocks,ak
#00088,大昌集团,HKG,Stocks,ak
#00089,大生地产,HKG,Stocks,ak
#00090,普星能量,HKG,Stocks,ak
#00091,金禧国际控股,HKG,Stocks,ak
#00092,冠军科技,HKG,Stocks,ak
#00093,TERMBRAY IND,HKG,Stocks,ak
#00094,绿心集团,HKG,Stocks,ak
#00095,绿景中国地产,HKG,Stocks,ak
#00096,友成控股,HKG,Stocks,ak
#00097,恒基发展,HKG,Stocks,ak
#00098,兴发铝业,HKG,Stocks,ak
#00099,王氏国际,HKG,Stocks,ak
#00100,白马户外媒体,HKG,Stocks,ak
#00101,恒隆地产,HKG,Stocks,ak
#00102,凯升控股,HKG,Stocks,ak
#00103,首长宝佳,HKG,Stocks,ak
#00104,冠亚商业,HKG,Stocks,ak
#00105,凯联国际酒店,HKG,Stocks,ak
#00106,朗诗地产,HKG,Stocks,ak
#00107,四川成渝高速公路,HKG,Stocks,ak
#00108,国锐地产,HKG,Stocks,ak
#00109,天成国际,HKG,Stocks,ak
#00110,中国长远,HKG,Stocks,ak
#00111,信达国际控股,HKG,Stocks,ak
#00112,勒泰集团,HKG,Stocks,ak
#00113,迪生创建,HKG,Stocks,ak
#00114,兴利集团,HKG,Stocks,ak
#00115,钧濠集团,HKG,Stocks,ak
#00116,周生生,HKG,Stocks,ak
#00117,天利控股集团,HKG,Stocks,ak
#00118,大同机械,HKG,Stocks,ak
#00119,保利置业集团,HKG,Stocks,ak
#00120,四海国际,HKG,Stocks,ak
#00122,鳄鱼恤,HKG,Stocks,ak
#00123,越秀地产,HKG,Stocks,ak
#00124,粤海置地,HKG,Stocks,ak
#00125,新兴光学,HKG,Stocks,ak
#00126,佳宁娜,HKG,Stocks,ak
#00127,华人置业,HKG,Stocks,ak
#00128,安宁控股,HKG,Stocks,ak
#00129,泛海集团,HKG,Stocks,ak
#00130,慕诗国际,HKG,Stocks,ak
#00131,卓能(集团),HKG,Stocks,ak
#00132,中国兴业控股,HKG,Stocks,ak
#00133,招商局中国基金,HKG,Stocks,ak
#00135,昆仑能源,HKG,Stocks,ak
#00136,恒腾网络,HKG,Stocks,ak
#00137,金辉集团,HKG,Stocks,ak
#00138,中建富通,HKG,Stocks,ak
#00139,中达集团控股,HKG,Stocks,ak
#00141,天禧海嘉控股,HKG,Stocks,ak
#00142,第一太平,HKG,Stocks,ak
#00143,国安国际,HKG,Stocks,ak
#00144,招商局港口,HKG,Stocks,ak
#00145,信能低碳,HKG,Stocks,ak
#00146,TAI PING CARPET,HKG,Stocks,ak
#00147,国际商业结算,HKG,Stocks,ak
#00148,建滔集团,HKG,Stocks,ak
#00149,中国农产品交易,HKG,Stocks,ak
#00150,HYPEBEAST,HKG,Stocks,ak
#00151,中国旺旺,HKG,Stocks,ak
#00152,深圳国际,HKG,Stocks,ak
#00153,中国赛特,HKG,Stocks,ak
#00154,北京控股环境集团,HKG,Stocks,ak
#00155,中国源畅,HKG,Stocks,ak
#00156,力宝华润,HKG,Stocks,ak
#00157,自然美,HKG,Stocks,ak
#00158,万邦投资,HKG,Stocks,ak
#00159,布莱克万矿业,HKG,Stocks,ak
#00160,汉国置业,HKG,Stocks,ak
#00162,世纪金花,HKG,Stocks,ak
#00163,英皇国际,HKG,Stocks,ak
#00164,中国宝力科技,HKG,Stocks,ak
#00165,中国光大控股,HKG,Stocks,ak
#00166,新时代能源,HKG,Stocks,ak
#00167,万威国际,HKG,Stocks,ak
#00168,青岛啤酒股份,HKG,Stocks,ak
#00169,万达酒店发展,HKG,Stocks,ak
#00171,银建国际,HKG,Stocks,ak
#00172,金榜集团,HKG,Stocks,ak
#00173,嘉华国际,HKG,Stocks,ak
#00174,盛洋投资,HKG,Stocks,ak
#00175,吉利汽车,HKG,Stocks,ak
#00176,先机企业集团,HKG,Stocks,ak
#00177,江苏宁沪高速公路,HKG,Stocks,ak
#00178,莎莎国际,HKG,Stocks,ak
#00179,德昌电机控股,HKG,Stocks,ak
#00180,开达集团,HKG,Stocks,ak
#00181,闽港控股,HKG,Stocks,ak
#00182,协合新能源,HKG,Stocks,ak
#00183,宏辉集团,HKG,Stocks,ak
#00184,激成投资,HKG,Stocks,ak
#00185,正商实业,HKG,Stocks,ak
#00186,敏捷控股,HKG,Stocks,ak
#00187,京城机电股份,HKG,Stocks,ak
#00188,新华汇富金融,HKG,Stocks,ak
#00189,东岳集团,HKG,Stocks,ak
#00190,香港建设(控股),HKG,Stocks,ak
#00191,丽新国际,HKG,Stocks,ak
#00193,冠中地产,HKG,Stocks,ak
#00194,廖创兴企业,HKG,Stocks,ak
#00195,绿科科技国际,HKG,Stocks,ak
#00196,宏华集团,HKG,Stocks,ak
#00197,亨泰,HKG,Stocks,ak
#00199,德祥地产,HKG,Stocks,ak
#00200,新濠国际发展,HKG,Stocks,ak
#00201,华大酒店,HKG,Stocks,ak
#00202,润中国际控股,HKG,Stocks,ak
#00204,中国投资开发,HKG,Stocks,ak
#00205,财讯传媒,HKG,Stocks,ak
#00206,华商国际海洋控股,HKG,Stocks,ak
#00207,大悦城地产,HKG,Stocks,ak
#00208,保利达资产,HKG,Stocks,ak
#00209,瀛晟科学,HKG,Stocks,ak
#00210,达芙妮国际,HKG,Stocks,ak
#00211,STYLAND HOLD,HKG,Stocks,ak
#00212,南洋集团,HKG,Stocks,ak
#00213,乐声电子,HKG,Stocks,ak
#00214,汇汉控股,HKG,Stocks,ak
#00215,和记电讯香港,HKG,Stocks,ak
#00216,建业实业,HKG,Stocks,ak
#00217,中国诚通发展集团,HKG,Stocks,ak
#00218,申万宏源香港,HKG,Stocks,ak
#00219,顺豪物业,HKG,Stocks,ak
#00220,统一企业中国,HKG,Stocks,ak
#00222,闽信集团,HKG,Stocks,ak
#00223,易生活控股,HKG,Stocks,ak
#00224,建生国际,HKG,Stocks,ak
#00225,博富临置业,HKG,Stocks,ak
#00226,力宝,HKG,Stocks,ak
#00227,第一上海,HKG,Stocks,ak
#00228,中能控股,HKG,Stocks,ak
#00229,利民实业,HKG,Stocks,ak
#00230,五矿地产,HKG,Stocks,ak
#00231,平安证券集团控股,HKG,Stocks,ak
#00232,中国航空工业国际,HKG,Stocks,ak
#00234,新世纪集团,HKG,Stocks,ak
#00235,中策集团,HKG,Stocks,ak
#00236,香港生力啤,HKG,Stocks,ak
#00237,安全货仓,HKG,Stocks,ak
#00238,长兴国际,HKG,Stocks,ak
#00239,白花油,HKG,Stocks,ak
#00240,利基控股,HKG,Stocks,ak
#00241,阿里健康,HKG,Stocks,ak
#00242,信德集团,HKG,Stocks,ak
#00243,品质国际,HKG,Stocks,ak
#00244,先施,HKG,Stocks,ak
#00245,中薇金融,HKG,Stocks,ak
#00247,尖沙咀置业,HKG,Stocks,ak
#00248,香港通讯国际控股,HKG,Stocks,ak
#00250,中国数码信息,HKG,Stocks,ak
#00251,爪哇控股,HKG,Stocks,ak
#00252,华信地产财务,HKG,Stocks,ak
#00253,顺豪控股,HKG,Stocks,ak
#00254,国家联合资源,HKG,Stocks,ak
#00255,龙记集团,HKG,Stocks,ak
#00256,冠城钟表珠宝,HKG,Stocks,ak
#00257,光大环境,HKG,Stocks,ak
#00258,汤臣集团,HKG,Stocks,ak
#00259,亿都(国际控股),HKG,Stocks,ak
#00260,幸福控股,HKG,Stocks,ak
#00261,GBA集团,HKG,Stocks,ak
#00262,迪臣发展国际,HKG,Stocks,ak
#00263,高富集团控股,HKG,Stocks,ak
#00264,中联发展控股,HKG,Stocks,ak
#00265,东胜旅游,HKG,Stocks,ak
#00266,天德地产,HKG,Stocks,ak
#00267,中信股份,HKG,Stocks,ak
#00268,金蝶国际,HKG,Stocks,ak
#00269,中国资源交通,HKG,Stocks,ak
#00270,粤海投资,HKG,Stocks,ak
#00271,亚证地产,HKG,Stocks,ak
#00272,瑞安房地产,HKG,Stocks,ak
#00273,茂宸集团,HKG,Stocks,ak
#00274,中富资源,HKG,Stocks,ak
#00276,蒙古能源,HKG,Stocks,ak
#00277,太兴置业,HKG,Stocks,ak
#00278,华厦置业,HKG,Stocks,ak
#00279,民众金融科技,HKG,Stocks,ak
#00280,景福集团,HKG,Stocks,ak
#00281,川河集团,HKG,Stocks,ak
#00282,壹传媒,HKG,Stocks,ak
#00285,比亚迪电子,HKG,Stocks,ak
#00286,爱帝宫,HKG,Stocks,ak
#00287,永发置业,HKG,Stocks,ak
#00288,万洲国际,HKG,Stocks,ak
#00289,永安国际,HKG,Stocks,ak
#00290,中国富强金融,HKG,Stocks,ak
#00291,华润啤酒,HKG,Stocks,ak
#00292,泛海酒店,HKG,Stocks,ak
#00293,国泰航空,HKG,Stocks,ak
#00294,长江制衣,HKG,Stocks,ak
#00295,江山控股,HKG,Stocks,ak
#00296,英皇娱乐酒店,HKG,Stocks,ak
#00297,中化化肥,HKG,Stocks,ak
#00298,庄士中国,HKG,Stocks,ak
#00299,宝新置地,HKG,Stocks,ak
#00301,三和精化,HKG,Stocks,ak
#00302,中手游,HKG,Stocks,ak
#00303,伟易达集团,HKG,Stocks,ak
#00305,五菱汽车,HKG,Stocks,ak
#00306,冠忠巴士集团,HKG,Stocks,ak
#00307,优派能源发展,HKG,Stocks,ak
#00308,香港中旅,HKG,Stocks,ak
#00309,新华通讯频媒,HKG,Stocks,ak
#00310,嘉进投资国际,HKG,Stocks,ak
#00311,联泰控股,HKG,Stocks,ak
#00312,岁宝百货,HKG,Stocks,ak
#00313,裕田中国,HKG,Stocks,ak
#00315,数码通电讯,HKG,Stocks,ak
#00316,东方海外国际,HKG,Stocks,ak
#00317,中船防务,HKG,Stocks,ak
#00318,黄河实业,HKG,Stocks,ak
#00320,金宝通,HKG,Stocks,ak
#00321,德永佳集团,HKG,Stocks,ak
#00322,康师傅控股,HKG,Stocks,ak
#00323,马鞍山钢铁股份,HKG,Stocks,ak
#00326,中国星集团,HKG,Stocks,ak
#00327,百富环球,HKG,Stocks,ak
#00328,ALCO HOLDINGS,HKG,Stocks,ak
#00329,东建国际,HKG,Stocks,ak
#00330,思捷环球,HKG,Stocks,ak
#00331,丰盛服务集团,HKG,Stocks,ak
#00332,元亨燃气,HKG,Stocks,ak
#00333,黛丽斯国际,HKG,Stocks,ak
#00334,华显光电,HKG,Stocks,ak
#00335,美建集团,HKG,Stocks,ak
#00336,华宝国际,HKG,Stocks,ak
#00337,绿地香港,HKG,Stocks,ak
#00338,上海石油化工股份,HKG,Stocks,ak
#00339,核心经济投资,HKG,Stocks,ak
#00340,潼关黄金,HKG,Stocks,ak
#00341,大家乐集团,HKG,Stocks,ak
#00342,新海能源,HKG,Stocks,ak
#00343,文化传信,HKG,Stocks,ak
#00345,维他奶国际,HKG,Stocks,ak
#00346,延长石油国际,HKG,Stocks,ak
#00347,鞍钢股份,HKG,Stocks,ak
#00348,中国智能健康,HKG,Stocks,ak
#00351,亚洲能源物流,HKG,Stocks,ak
#00352,富阳,HKG,Stocks,ak
#00353,能源国际投资,HKG,Stocks,ak
#00354,中国软件国际,HKG,Stocks,ak
#00355,世纪城市国际,HKG,Stocks,ak
#00356,鼎立资本,HKG,Stocks,ak
#00357,美兰空港,HKG,Stocks,ak
#00358,江西铜业股份,HKG,Stocks,ak
#00359,海升果汁,HKG,Stocks,ak
#00360,新焦点,HKG,Stocks,ak
#00361,顺龙控股,HKG,Stocks,ak
#00362,信阳毛尖,HKG,Stocks,ak
#00363,上海实业控股,HKG,Stocks,ak
#00364,区块链集团,HKG,Stocks,ak
#00365,芯成科技,HKG,Stocks,ak
#00366,陆氏集团(越南),HKG,Stocks,ak
#00367,庄士机构国际,HKG,Stocks,ak
#00368,德合集团,HKG,Stocks,ak
#00369,永泰地产,HKG,Stocks,ak
#00370,国华,HKG,Stocks,ak
#00371,北控水务集团,HKG,Stocks,ak
#00372,保德国际发展,HKG,Stocks,ak
#00373,联合集团,HKG,Stocks,ak
#00374,四洲集团,HKG,Stocks,ak
#00375,YGM TRADING,HKG,Stocks,ak
#00376,云锋金融,HKG,Stocks,ak
#00377,中国华君,HKG,Stocks,ak
#00378,五龙动力,HKG,Stocks,ak
#00379,恒嘉融资租赁,HKG,Stocks,ak
#00380,冠力国际,HKG,Stocks,ak
#00381,侨雄国际,HKG,Stocks,ak
#00382,中汇集团,HKG,Stocks,ak
#00383,中国医疗网络,HKG,Stocks,ak
#00384,中国燃气,HKG,Stocks,ak
#00385,建联集团,HKG,Stocks,ak
#00386,中国石油化工股份,HKG,Stocks,ak
#00387,力丰(集团),HKG,Stocks,ak
#00388,香港交易所,HKG,Stocks,ak
#00389,通天酒业,HKG,Stocks,ak
#00390,中国中铁,HKG,Stocks,ak
#00391,美亚娱乐资讯,HKG,Stocks,ak
#00392,北京控股,HKG,Stocks,ak
#00393,旭日企业,HKG,Stocks,ak
#00395,环球智能控股,HKG,Stocks,ak
#00396,兴利(香港)控股,HKG,Stocks,ak
#00397,权威金融,HKG,Stocks,ak
#00398,东方表行集团,HKG,Stocks,ak
#00399,领航医药生物科技,HKG,Stocks,ak
#00400,科通芯城,HKG,Stocks,ak
#00401,万嘉集团,HKG,Stocks,ak
#00403,星光集团,HKG,Stocks,ak
#00406,有利集团,HKG,Stocks,ak
#00408,叶氏化工集团,HKG,Stocks,ak
#00410,SOHO中国,HKG,Stocks,ak
#00411,南顺(香港),HKG,Stocks,ak
#00412,山高金融,HKG,Stocks,ak
#00413,南华集团控股,HKG,Stocks,ak
#00416,锦州银行,HKG,Stocks,ak
#00417,谢瑞麟,HKG,Stocks,ak
#00418,方正控股,HKG,Stocks,ak
#00419,华谊腾讯娱乐,HKG,Stocks,ak
#00420,福田实业,HKG,Stocks,ak
#00422,越南制造加工出口,HKG,Stocks,ak
#00423,经济日报集团,HKG,Stocks,ak
#00425,敏实集团,HKG,Stocks,ak
#00426,万华媒体,HKG,Stocks,ak
#00428,中国天弓控股,HKG,Stocks,ak
#00430,东方兴业控股,HKG,Stocks,ak
#00431,大中华金融,HKG,Stocks,ak
#00432,盈大地产,HKG,Stocks,ak
#00433,北方矿业,HKG,Stocks,ak
#00434,博雅互动,HKG,Stocks,ak
#00436,新宇环保,HKG,Stocks,ak
#00438,彩虹新能源,HKG,Stocks,ak
#00439,光启科学,HKG,Stocks,ak
#00440,大新金融,HKG,Stocks,ak
#00442,海福德集团,HKG,Stocks,ak
#00444,SINCEREWATCH HK,HKG,Stocks,ak
#00449,志高控股,HKG,Stocks,ak
#00450,鸿兴印刷集团,HKG,Stocks,ak
#00451,协鑫新能源,HKG,Stocks,ak
#00455,天大药业,HKG,Stocks,ak
#00456,新城市建设发展,HKG,Stocks,ak
#00458,联亚集团,HKG,Stocks,ak
#00459,美联工商铺,HKG,Stocks,ak
#00460,四环医药,HKG,Stocks,ak
#00462,天然乳品,HKG,Stocks,ak
#00464,中国海外诺信,HKG,Stocks,ak
#00465,富通科技,HKG,Stocks,ak
#00467,联合能源集团,HKG,Stocks,ak
#00468,纷美包装,HKG,Stocks,ak
#00471,中播控股,HKG,Stocks,ak
#00472,新丝路文旅,HKG,Stocks,ak
#00474,信铭生命科技,HKG,Stocks,ak
#00475,中发展控股,HKG,Stocks,ak
#00476,中国动力控股,HKG,Stocks,ak
#00479,华建控股,HKG,Stocks,ak
#00480,香港兴业国际,HKG,Stocks,ak
#00482,圣马丁国际,HKG,Stocks,ak
#00483,包浩斯国际,HKG,Stocks,ak
#00484,云游控股,HKG,Stocks,ak
#00485,中国华星,HKG,Stocks,ak
#00486,俄铝,HKG,Stocks,ak
#00487,实德环球,HKG,Stocks,ak
#00488,丽新发展,HKG,Stocks,ak
#00489,东风集团股份,HKG,Stocks,ak
#00491,英皇文化产业,HKG,Stocks,ak
#00493,国美零售,HKG,Stocks,ak
#00495,PALADIN,HKG,Stocks,ak
#00496,卡森国际,HKG,Stocks,ak
#00497,资本策略地产,HKG,Stocks,ak
#00498,保华集团,HKG,Stocks,ak
#00499,青岛控股,HKG,Stocks,ak
#00500,先丰服务集团,HKG,Stocks,ak
#00503,朗生医药,HKG,Stocks,ak
#00505,兴业合金,HKG,Stocks,ak
#00506,中国食品,HKG,Stocks,ak
#00508,鼎亿集团投资,HKG,Stocks,ak
#00509,世纪阳光,HKG,Stocks,ak
#00510,时富金融服务集团,HKG,Stocks,ak
#00511,电视广播,HKG,Stocks,ak
#00512,远大医药,HKG,Stocks,ak
#00513,恒和集团,HKG,Stocks,ak
#00515,中华银科技,HKG,Stocks,ak
#00517,中远海运国际,HKG,Stocks,ak
#00518,同得仕(集团),HKG,Stocks,ak
#00519,实力建业,HKG,Stocks,ak
#00520,呷哺呷哺,HKG,Stocks,ak
#00521,海航实业股份,HKG,Stocks,ak
#00522,ASM PACIFIC,HKG,Stocks,ak
#00524,长城一带一路,HKG,Stocks,ak
#00525,广深铁路股份,HKG,Stocks,ak
#00526,中国汽车新零售,HKG,Stocks,ak
#00527,瑞风新能源,HKG,Stocks,ak
#00528,金达控股,HKG,Stocks,ak
#00529,新龙国际集团,HKG,Stocks,ak
#00530,高银金融,HKG,Stocks,ak
#00531,顺诚,HKG,Stocks,ak
#00532,王氏港建国际(集团),HKG,Stocks,ak
#00533,金利来集团,HKG,Stocks,ak
#00535,金地商置,HKG,Stocks,ak
#00536,贸易通,HKG,Stocks,ak
#00538,味千(中国),HKG,Stocks,ak
#00539,冠华国际控股,HKG,Stocks,ak
#00540,迅捷环球控股,HKG,Stocks,ak
#00542,富元国际集团,HKG,Stocks,ak
#00543,太平洋网络,HKG,Stocks,ak
#00544,大同集团,HKG,Stocks,ak
#00546,阜丰集团,HKG,Stocks,ak
#00547,数字王国,HKG,Stocks,ak
#00548,深圳高速公路股份,HKG,Stocks,ak
#00550,KK文化,HKG,Stocks,ak
#00551,裕元集团,HKG,Stocks,ak
#00552,中国通信服务,HKG,Stocks,ak
#00553,南京熊猫电子股份,HKG,Stocks,ak
#00554,汉思能源,HKG,Stocks,ak
#00555,御泰中彩控股,HKG,Stocks,ak
#00556,泛亚环保,HKG,Stocks,ak
#00557,天元医疗,HKG,Stocks,ak
#00558,力劲科技,HKG,Stocks,ak
#00559,德泰新能源集团,HKG,Stocks,ak
#00560,珠江船务,HKG,Stocks,ak
#00563,上实城市开发,HKG,Stocks,ak
#00564,郑煤机,HKG,Stocks,ak
#00565,锦艺集团控股,HKG,Stocks,ak
#00567,大昌微线集团,HKG,Stocks,ak
#00568,山东墨龙,HKG,Stocks,ak
#00570,中国中药,HKG,Stocks,ak
#00571,丰德丽控股,HKG,Stocks,ak
#00572,未来世界控股,HKG,Stocks,ak
#00573,稻香控股,HKG,Stocks,ak
#00574,百信国际,HKG,Stocks,ak
#00575,励晶太平洋,HKG,Stocks,ak
#00576,浙江沪杭甬,HKG,Stocks,ak
#00577,南岸集团,HKG,Stocks,ak
#00578,融信资源,HKG,Stocks,ak
#00579,京能清洁能源,HKG,Stocks,ak
#00580,赛晶科技,HKG,Stocks,ak
#00581,中国东方集团,HKG,Stocks,ak
#00582,蓝鼎国际,HKG,Stocks,ak
#00583,长城环亚控股,HKG,Stocks,ak
#00585,意马国际,HKG,Stocks,ak
#00586,海螺创业,HKG,Stocks,ak
#00588,北京北辰实业股份,HKG,Stocks,ak
#00589,建中建设,HKG,Stocks,ak
#00590,六福集团,HKG,Stocks,ak
#00591,中国高精密,HKG,Stocks,ak
#00592,堡狮龙国际,HKG,Stocks,ak
#00593,梦东方,HKG,Stocks,ak
#00595,先思行集团,HKG,Stocks,ak
#00596,浪潮国际,HKG,Stocks,ak
#00598,中国外运,HKG,Stocks,ak
#00599,怡邦行控股,HKG,Stocks,ak
#00600,中国基建投资,HKG,Stocks,ak
#00601,稀镁科技,HKG,Stocks,ak
#00602,佳华百货控股,HKG,Stocks,ak
#00603,中油燃气,HKG,Stocks,ak
#00604,深圳控股,HKG,Stocks,ak
#00605,中国金融投资管理,HKG,Stocks,ak
#00607,丰盛控股,HKG,Stocks,ak
#00608,达利国际,HKG,Stocks,ak
#00609,天德化工,HKG,Stocks,ak
#00610,WAI KEE HOLD,HKG,Stocks,ak
#00611,中国核能科技,HKG,Stocks,ak
#00612,中国鼎益丰,HKG,Stocks,ak
#00613,渝港国际,HKG,Stocks,ak
#00616,高山企业,HKG,Stocks,ak
#00617,百利保控股,HKG,Stocks,ak
#00618,北大资源,HKG,Stocks,ak
#00619,南华金融,HKG,Stocks,ak
#00620,大唐西市,HKG,Stocks,ak
#00621,坛金矿业,HKG,Stocks,ak
#00622,威华达控股,HKG,Stocks,ak
#00623,中视金桥,HKG,Stocks,ak
#00626,大众金融控股,HKG,Stocks,ak
#00627,福晟国际,HKG,Stocks,ak
#00628,国美金融科技,HKG,Stocks,ak
#00629,悦达国际控股,HKG,Stocks,ak
#00630,隽泰控股,HKG,Stocks,ak
#00631,三一国际,HKG,Stocks,ak
#00632,中港石油,HKG,Stocks,ak
#00633,中国全通,HKG,Stocks,ak
#00635,彩星集团,HKG,Stocks,ak
#00636,嘉里物流,HKG,Stocks,ak
#00637,利记,HKG,Stocks,ak
#00638,建溢集团,HKG,Stocks,ak
#00639,首钢资源,HKG,Stocks,ak
#00640,星谦发展,HKG,Stocks,ak
#00641,中国恒天立信国际,HKG,Stocks,ak
#00643,恒富控股,HKG,Stocks,ak
#00645,安域亚洲,HKG,Stocks,ak
#00646,中国环保科技,HKG,Stocks,ak
#00648,中国华仁医疗-新,HKG,Stocks,ak
#00650,IDG能源投资,HKG,Stocks,ak
#00651,中海重工,HKG,Stocks,ak
#00653,卓悦控股,HKG,Stocks,ak
#00655,香港华人有限公司,HKG,Stocks,ak
#00656,复星国际,HKG,Stocks,ak
#00657,环科国际,HKG,Stocks,ak
#00658,中国高速传动,HKG,Stocks,ak
#00659,新创建集团,HKG,Stocks,ak
#00660,玮俊生物科技,HKG,Stocks,ak
#00661,中国大冶有色金属,HKG,Stocks,ak
#00662,亚洲金融,HKG,Stocks,ak
#00663,金山能源,HKG,Stocks,ak
#00665,海通国际,HKG,Stocks,ak
#00666,新工投资,HKG,Stocks,ak
#00667,中国东方教育,HKG,Stocks,ak
#00668,东银国际控股,HKG,Stocks,ak
#00669,创科实业,HKG,Stocks,ak
#00670,中国东方航空股份,HKG,Stocks,ak
#00672,众安集团,HKG,Stocks,ak
#00673,中国卫生集团,HKG,Stocks,ak
#00674,中国唐商,HKG,Stocks,ak
#00675,坚宝国际,HKG,Stocks,ak
#00676,创信国际,HKG,Stocks,ak
#00677,金源米业,HKG,Stocks,ak
#00678,云顶香港,HKG,Stocks,ak
#00679,亚洲联网科技,HKG,Stocks,ak
#00680,南海控股,HKG,Stocks,ak
#00681,中民控股,HKG,Stocks,ak
#00682,超大现代,HKG,Stocks,ak
#00683,嘉里建设,HKG,Stocks,ak
#00684,亚伦国际,HKG,Stocks,ak
#00685,世界华文媒体,HKG,Stocks,ak
#00686,北京能源国际,HKG,Stocks,ak
#00687,泰升集团,HKG,Stocks,ak
#00688,中国海外发展,HKG,Stocks,ak
#00689,长盈集团(控股),HKG,Stocks,ak
#00690,联康生物科技集团,HKG,Stocks,ak
#00691,山水水泥,HKG,Stocks,ak
#00693,陈唱国际,HKG,Stocks,ak
#00694,北京首都机场股份,HKG,Stocks,ak
#00695,东吴水泥,HKG,Stocks,ak
#00696,中国民航信息网络,HKG,Stocks,ak
#00697,首长国际,HKG,Stocks,ak
#00698,通达集团,HKG,Stocks,ak
#00699,神州租车,HKG,Stocks,ak
#00700,腾讯控股,HKG,Stocks,ak
#00701,CNT GROUP,HKG,Stocks,ak
#00702,中国油气控股,HKG,Stocks,ak
#00703,佳景集团,HKG,Stocks,ak
#00704,和嘉控股,HKG,Stocks,ak
#00706,美丽中国控股,HKG,Stocks,ak
#00707,亚洲电视控股,HKG,Stocks,ak
#00708,恒大汽车,HKG,Stocks,ak
#00709,佐丹奴国际,HKG,Stocks,ak
#00710,京东方精电,HKG,Stocks,ak
#00711,亚洲联合基建控股,HKG,Stocks,ak
#00712,卡姆丹克太阳能,HKG,Stocks,ak
#00713,世界(集团),HKG,Stocks,ak
#00715,中泛控股,HKG,Stocks,ak
#00716,胜狮货柜,HKG,Stocks,ak
#00717,英皇证券,HKG,Stocks,ak
#00718,太和控股,HKG,Stocks,ak
#00719,山东新华制药股份,HKG,Stocks,ak
#00720,意达利控股,HKG,Stocks,ak
#00721,中国金融国际,HKG,Stocks,ak
#00722,联合医务,HKG,Stocks,ak
#00723,信保环球控股,HKG,Stocks,ak
#00724,瑞鑫国际集团,HKG,Stocks,ak
#00725,恒都集团,HKG,Stocks,ak
#00726,筑友智造科技,HKG,Stocks,ak
#00727,皇冠环球集团,HKG,Stocks,ak
#00728,中国电信,HKG,Stocks,ak
#00729,五龙电动车,HKG,Stocks,ak
#00730,SHOUGANG GRAND,HKG,Stocks,ak
#00731,森信纸业集团,HKG,Stocks,ak
#00732,信利国际,HKG,Stocks,ak
#00733,合富辉煌,HKG,Stocks,ak
#00736,中国置业投资,HKG,Stocks,ak
#00737,湾区发展,HKG,Stocks,ak
#00738,莱尔斯丹,HKG,Stocks,ak
#00743,亚洲水泥(中国),HKG,Stocks,ak
#00745,中国国家文化产业,HKG,Stocks,ak
#00746,理文化工,HKG,Stocks,ak
#00747,沈阳公用发展股份,HKG,Stocks,ak
#00750,水发兴业能源,HKG,Stocks,ak
#00751,创维集团,HKG,Stocks,ak
#00752,PICO FAR EAST,HKG,Stocks,ak
#00753,中国国航,HKG,Stocks,ak
#00754,合生创展集团,HKG,Stocks,ak
#00755,上海证大,HKG,Stocks,ak
#00756,森美控股,HKG,Stocks,ak
#00757,阳光能源,HKG,Stocks,ak
#00758,庄胜百货,HKG,Stocks,ak
#00759,CEC INT'L HOLD,HKG,Stocks,ak
#00760,新天地产集团,HKG,Stocks,ak
#00762,中国联通,HKG,Stocks,ak
#00763,中兴通讯,HKG,Stocks,ak
#00764,永恒策略,HKG,Stocks,ak
#00765,PERFECTECH INTL,HKG,Stocks,ak
#00766,中盈集团控股,HKG,Stocks,ak
#00767,中基长寿科学,HKG,Stocks,ak
#00768,开明投资,HKG,Stocks,ak
#00769,中国稀土,HKG,Stocks,ak
#00770,沪光国际上海发展,HKG,Stocks,ak
#00771,自动系统,HKG,Stocks,ak
#00772,阅文集团,HKG,Stocks,ak
#00775,长江生命科技,HKG,Stocks,ak
#00776,帝国集团环球控股,HKG,Stocks,ak
#00777,网龙,HKG,Stocks,ak
#00780,同程艺龙,HKG,Stocks,ak
#00784,凌锐控股,HKG,Stocks,ak
#00787,利标品牌,HKG,Stocks,ak
#00788,中国铁塔,HKG,Stocks,ak
#00789,雅天妮集团,HKG,Stocks,ak
#00794,锦胜集团(控股),HKG,Stocks,ak
#00797,第七大道,HKG,Stocks,ak
#00798,中电光谷,HKG,Stocks,ak
#00799,IGG,HKG,Stocks,ak
#00800,A8新媒体,HKG,Stocks,ak
#00802,中国钱包,HKG,Stocks,ak
#00803,昌兴国际,HKG,Stocks,ak
#00804,鼎石资本,HKG,Stocks,ak
#00806,惠理集团,HKG,Stocks,ak
#00807,上海实业环境,HKG,Stocks,ak
#00809,大成生化科技,HKG,Stocks,ak
#00810,中国互联网投资,HKG,Stocks,ak
#00811,新华文轩,HKG,Stocks,ak
#00812,西证国际证券,HKG,Stocks,ak
#00813,世茂集团,HKG,Stocks,ak
#00814,北京京客隆,HKG,Stocks,ak
#00815,中国白银集团,HKG,Stocks,ak
#00817,中国金茂,HKG,Stocks,ak
#00818,高阳科技,HKG,Stocks,ak
#00819,天能动力,HKG,Stocks,ak
#00821,汇盈控股,HKG,Stocks,ak
#00822,嘉瑞国际,HKG,Stocks,ak
#00825,新世界百货中国,HKG,Stocks,ak
#00826,天工国际,HKG,Stocks,ak
#00827,玖源集团,HKG,Stocks,ak
#00828,王朝酒业,HKG,Stocks,ak
#00829,神冠控股,HKG,Stocks,ak
#00830,中国建筑兴业,HKG,Stocks,ak
#00831,利亚零售,HKG,Stocks,ak
#00832,建业地产,HKG,Stocks,ak
#00833,华讯,HKG,Stocks,ak
#00834,康大食品,HKG,Stocks,ak
#00836,华润电力,HKG,Stocks,ak
#00837,谭木匠,HKG,Stocks,ak
#00838,亿和控股,HKG,Stocks,ak
#00839,中教控股,HKG,Stocks,ak
#00840,天业节水,HKG,Stocks,ak
#00841,木薯资源,HKG,Stocks,ak
#00842,理士国际,HKG,Stocks,ak
#00844,广泰国际控股,HKG,Stocks,ak
#00845,恒盛地产,HKG,Stocks,ak
#00846,明发集团,HKG,Stocks,ak
#00848,茂业国际,HKG,Stocks,ak
#00850,久康国际,HKG,Stocks,ak
#00851,盛源控股,HKG,Stocks,ak
#00852,海峡石油化工,HKG,Stocks,ak
#00853,微创医疗,HKG,Stocks,ak
#00854,威雅利,HKG,Stocks,ak
#00855,中国水务,HKG,Stocks,ak
#00856,伟仕佳杰,HKG,Stocks,ak
#00857,中国石油股份,HKG,Stocks,ak
#00858,精优药业,HKG,Stocks,ak
#00859,中昌国际控股,HKG,Stocks,ak
#00860,力世纪,HKG,Stocks,ak
#00861,神州控股,HKG,Stocks,ak
#00862,远见控股,HKG,Stocks,ak
#00863,BC科技集团,HKG,Stocks,ak
#00864,永利地产发展,HKG,Stocks,ak
#00865,建德国际控股,HKG,Stocks,ak
#00866,中国秦发,HKG,Stocks,ak
#00867,康哲药业,HKG,Stocks,ak
#00868,信义玻璃,HKG,Stocks,ak
#00869,彩星玩具,HKG,Stocks,ak
#00871,中国疏浚环保-新,HKG,Stocks,ak
#00872,启迪国际,HKG,Stocks,ak
#00873,世茂服务,HKG,Stocks,ak
#00874,白云山,HKG,Stocks,ak
#00875,中国金控,HKG,Stocks,ak
#00876,佳兆业健康,HKG,Stocks,ak
#00878,金朝阳集团,HKG,Stocks,ak
#00880,澳博控股,HKG,Stocks,ak
#00881,中升控股,HKG,Stocks,ak
#00882,天津发展,HKG,Stocks,ak
#00883,中国海洋石油,HKG,Stocks,ak
#00884,旭辉控股集团,HKG,Stocks,ak
#00885,仁天科技控股,HKG,Stocks,ak
#00886,银基集团,HKG,Stocks,ak
#00887,英皇钟表珠宝,HKG,Stocks,ak
#00888,贝森金融,HKG,Stocks,ak
#00889,连达科技控股,HKG,Stocks,ak
#00891,利邦,HKG,Stocks,ak
#00893,中国铁钛,HKG,Stocks,ak
#00894,万裕科技,HKG,Stocks,ak
#00895,东江环保,HKG,Stocks,ak
#00896,兴胜创建,HKG,Stocks,ak
#00897,位元堂,HKG,Stocks,ak
#00898,万事昌国际,HKG,Stocks,ak
#00899,亚洲资源,HKG,Stocks,ak
#00900,Aeon信贷,HKG,Stocks,ak
#00901,金石投资集团,HKG,Stocks,ak
#00902,华能国际电力股份,HKG,Stocks,ak
#00904,中绿,HKG,Stocks,ak
#00905,环球大通投资,HKG,Stocks,ak
#00906,中粮包装,HKG,Stocks,ak
#00907,高雅光学,HKG,Stocks,ak
#00908,珠海控股投资,HKG,Stocks,ak
#00909,明源云,HKG,Stocks,ak
#00910,中国三迪,HKG,Stocks,ak
#00911,前海健康,HKG,Stocks,ak
#00912,信佳国际,HKG,Stocks,ak
#00913,合一投资,HKG,Stocks,ak
#00914,海螺水泥,HKG,Stocks,ak
#00915,道和环球,HKG,Stocks,ak
#00916,龙源电力,HKG,Stocks,ak
#00918,国能国际资产,HKG,Stocks,ak
#00919,现代健康科技,HKG,Stocks,ak
#00921,海信家电,HKG,Stocks,ak
#00922,安贤园中国,HKG,Stocks,ak
#00923,综合环保集团,HKG,Stocks,ak
#00924,坤集团,HKG,Stocks,ak
#00925,北京建设,HKG,Stocks,ak
#00926,碧生源,HKG,Stocks,ak
#00927,富士高实业,HKG,Stocks,ak
#00928,莲和医疗,HKG,Stocks,ak
#00929,国际精密,HKG,Stocks,ak
#00931,中国天然气,HKG,Stocks,ak
#00932,顺腾国际控股,HKG,Stocks,ak
#00934,中石化冠德,HKG,Stocks,ak
#00935,龙翔集团,HKG,Stocks,ak
#00936,鹏程亚洲,HKG,Stocks,ak
#00938,民生国际(新),HKG,Stocks,ak
#00939,建设银行,HKG,Stocks,ak
#00941,中国移动,HKG,Stocks,ak
#00943,中证国际,HKG,Stocks,ak
#00945,宏利金融-S,HKG,Stocks,ak
#00947,摩比发展,HKG,Stocks,ak
#00948,阿尔法企业,HKG,Stocks,ak
#00950,李氏大药厂,HKG,Stocks,ak
#00951,超威动力,HKG,Stocks,ak
#00952,中国通海金融,HKG,Stocks,ak
#00953,邵氏兄弟控股,HKG,Stocks,ak
#00954,常茂生物,HKG,Stocks,ak
#00956,新天绿色能源,HKG,Stocks,ak
#00959,世纪娱乐国际-新,HKG,Stocks,ak
#00960,龙湖集团,HKG,Stocks,ak
#00966,中国太平,HKG,Stocks,ak
#00967,桑德国际,HKG,Stocks,ak
#00968,信义光能,HKG,Stocks,ak
#00969,华联国际,HKG,Stocks,ak
#00970,耀莱集团,HKG,Stocks,ak
#00973,L'OCCITANE,HKG,Stocks,ak
#00974,中国顺客隆,HKG,Stocks,ak
#00975,MONGOL MINING,HKG,Stocks,ak
#00976,齐合环保,HKG,Stocks,ak
#00978,招商局置地,HKG,Stocks,ak
#00979,绿色能源科技集团,HKG,Stocks,ak
#00980,联华超市,HKG,Stocks,ak
#00981,中芯国际,HKG,Stocks,ak
#00982,华发物业服务,HKG,Stocks,ak
#00983,瑞安建业,HKG,Stocks,ak
#00984,永旺,HKG,Stocks,ak
#00985,中誉集团,HKG,Stocks,ak
#00986,中国环保能源,HKG,Stocks,ak
#00987,中国再生能源投资,HKG,Stocks,ak
#00988,丝路物流控股,HKG,Stocks,ak
#00989,广泽国际发展,HKG,Stocks,ak
#00990,荣晖国际,HKG,Stocks,ak
#00991,大唐发电,HKG,Stocks,ak
#00992,联想集团,HKG,Stocks,ak
#00993,华融金控,HKG,Stocks,ak
#00994,中天顺联,HKG,Stocks,ak
#00995,安徽皖通高速公路,HKG,Stocks,ak
#00996,嘉年华国际,HKG,Stocks,ak
#00997,普汇中金国际,HKG,Stocks,ak
#00998,中信银行,HKG,Stocks,ak
#00999,I.T,HKG,Stocks,ak
#01000,北青传媒,HKG,Stocks,ak
#01001,沪港联合,HKG,Stocks,ak
#01002,威铖国际,HKG,Stocks,ak
#01003,欢喜传媒,HKG,Stocks,ak
#01004,中国智慧能源,HKG,Stocks,ak
#01005,MATRIX HOLDINGS,HKG,Stocks,ak
#01007,龙辉国际控股,HKG,Stocks,ak
#01008,贵联控股,HKG,Stocks,ak
#01009,国际娱乐,HKG,Stocks,ak
#01010,太睿国际控股,HKG,Stocks,ak
#01011,泰凌医药,HKG,Stocks,ak
#01013,伟俊集团控股,HKG,Stocks,ak
#01019,康宏环球,HKG,Stocks,ak
#01020,赛伯乐国际控股,HKG,Stocks,ak
#01022,飞鱼科技,HKG,Stocks,ak
#01023,时代集团控股,HKG,Stocks,ak
#01024,快手-W,HKG,Stocks,ak
#01025,嘉艺控股,HKG,Stocks,ak
#01026,环球实业科技,HKG,Stocks,ak
#01027,中国集成控股,HKG,Stocks,ak
#01028,千百度,HKG,Stocks,ak
#01029,铁货,HKG,Stocks,ak
#01030,新城发展,HKG,Stocks,ak
#01031,金利丰金融,HKG,Stocks,ak
#01033,中石化油服,HKG,Stocks,ak
#01034,富汇建筑控股,HKG,Stocks,ak
#01036,万科海外,HKG,Stocks,ak
#01037,云智汇科技,HKG,Stocks,ak
#01038,长江基建集团,HKG,Stocks,ak
#01039,畅由联盟,HKG,Stocks,ak
#01041,林达控股,HKG,Stocks,ak
#01043,光宇国际集团科技,HKG,Stocks,ak
#01044,恒安国际,HKG,Stocks,ak
#01045,亚太卫星,HKG,Stocks,ak
#01046,寰宇娱乐文化,HKG,Stocks,ak
#01047,毅兴行,HKG,Stocks,ak
#01049,时富投资,HKG,Stocks,ak
#01050,嘉利国际,HKG,Stocks,ak
#01051,国际资源,HKG,Stocks,ak
#01052,越秀交通基建,HKG,Stocks,ak
#01053,重庆钢铁股份,HKG,Stocks,ak
#01055,中国南方航空股份,HKG,Stocks,ak
#01057,浙江世宝,HKG,Stocks,ak
#01058,粤海制革,HKG,Stocks,ak
#01059,看通集团,HKG,Stocks,ak
#01060,阿里影业,HKG,Stocks,ak
#01061,亿胜生物科技,HKG,Stocks,ak
#01062,国开国际投资,HKG,Stocks,ak
#01063,新确科技,HKG,Stocks,ak
#01064,中华国际,HKG,Stocks,ak
#01065,天津创业环保股份,HKG,Stocks,ak
#01066,威高股份,HKG,Stocks,ak
#01068,雨润食品,HKG,Stocks,ak
#01069,宝沙发展,HKG,Stocks,ak
#01070,TCL电子,HKG,Stocks,ak
#01071,华电国际电力股份,HKG,Stocks,ak
#01072,东方电气,HKG,Stocks,ak
#01073,大禹金融,HKG,Stocks,ak
#01075,首都信息,HKG,Stocks,ak
#01076,博华太平洋,HKG,Stocks,ak
#01079,松景科技,HKG,Stocks,ak
#01080,胜利管道,HKG,Stocks,ak
#01082,香港教育国际,HKG,Stocks,ak
#01083,港华燃气,HKG,Stocks,ak
#01084,绿新亲水胶体,HKG,Stocks,ak
#01085,亨鑫科技,HKG,Stocks,ak
#01086,好孩子国际,HKG,Stocks,ak
#01087,威讯控股,HKG,Stocks,ak
#01088,中国神华,HKG,Stocks,ak
#01090,大明国际,HKG,Stocks,ak
#01091,南方锰业,HKG,Stocks,ak
#01093,石药集团,HKG,Stocks,ak
#01094,中国公共采购,HKG,Stocks,ak
#01096,中能国际控股,HKG,Stocks,ak
#01097,有线宽频,HKG,Stocks,ak
#01098,路劲,HKG,Stocks,ak
#01099,国药控股,HKG,Stocks,ak
#01100,飞达控股,HKG,Stocks,ak
#01101,华荣能源,HKG,Stocks,ak
#01102,环能国际,HKG,Stocks,ak
#01103,大生农业金融,HKG,Stocks,ak
#01104,亚太资源,HKG,Stocks,ak
#01105,星岛,HKG,Stocks,ak
#01106,铭霖控股,HKG,Stocks,ak
#01107,当代置业,HKG,Stocks,ak
#01108,洛阳玻璃股份,HKG,Stocks,ak
#01109,华润置地,HKG,Stocks,ak
#01110,金活医药集团,HKG,Stocks,ak
#01111,创兴银行,HKG,Stocks,ak
#01112,H&H国际控股,HKG,Stocks,ak
#01113,长实集团,HKG,Stocks,ak
#01114,华晨中国,HKG,Stocks,ak
#01115,西藏水资源,HKG,Stocks,ak
#01116,MAYER HOLDINGS,HKG,Stocks,ak
#01117,现代牧业,HKG,Stocks,ak
#01118,高力集团,HKG,Stocks,ak
#01119,创梦天地,HKG,Stocks,ak
#01120,雅视光学,HKG,Stocks,ak
#01121,宝峰时尚,HKG,Stocks,ak
#01122,庆铃汽车股份,HKG,Stocks,ak
#01123,中港照相,HKG,Stocks,ak
#01124,沿海家园,HKG,Stocks,ak
#01125,丽丰控股,HKG,Stocks,ak
#01126,德林国际,HKG,Stocks,ak
#01127,狮子山集团,HKG,Stocks,ak
#01128,永利澳门,HKG,Stocks,ak
#01129,中国水业集团,HKG,Stocks,ak
#01130,中国环境资源,HKG,Stocks,ak
#01131,鸿宝资源,HKG,Stocks,ak
#01132,橙天嘉禾,HKG,Stocks,ak
#01133,哈尔滨电气,HKG,Stocks,ak
#01134,恒发光学,HKG,Stocks,ak
#01137,香港电视,HKG,Stocks,ak
#01138,中远海能,HKG,Stocks,ak
#01139,华多利集团,HKG,Stocks,ak
#01140,华科资本,HKG,Stocks,ak
#01141,民银资本,HKG,Stocks,ak
#01142,西伯利亚矿业,HKG,Stocks,ak
#01143,环亚国际医疗集团,HKG,Stocks,ak
#01145,勇利投资,HKG,Stocks,ak
#01146,中国服饰控股,HKG,Stocks,ak
#01147,伊登软件,HKG,Stocks,ak
#01148,新晨动力,HKG,Stocks,ak
#01150,米兰站,HKG,Stocks,ak
#01152,正乾金融控股,HKG,Stocks,ak
#01153,佳源服务,HKG,Stocks,ak
#01156,CHINANEWENERGY,HKG,Stocks,ak
#01157,中联重科,HKG,Stocks,ak
#01158,开元酒店,HKG,Stocks,ak
#01159,星光文化,HKG,Stocks,ak
#01160,优创金融,HKG,Stocks,ak
#01161,奥思集团,HKG,Stocks,ak
#01162,莹岚集团,HKG,Stocks,ak
#01163,虎视传媒,HKG,Stocks,ak
#01164,中广核矿业,HKG,Stocks,ak
#01165,顺风清洁能源,HKG,Stocks,ak
#01166,星凯控股,HKG,Stocks,ak
#01167,加科思-B,HKG,Stocks,ak
#01168,百仕达控股,HKG,Stocks,ak
#01170,信星集团,HKG,Stocks,ak
#01171,兖州煤业股份,HKG,Stocks,ak
#01172,融太集团,HKG,Stocks,ak
#01173,威高国际,HKG,Stocks,ak
#01175,鲜驰达控股,HKG,Stocks,ak
#01176,珠光控股,HKG,Stocks,ak
#01177,中国生物制药,HKG,Stocks,ak
#01178,汇银控股集团,HKG,Stocks,ak
#01179,华住集团-S,HKG,Stocks,ak
#01180,汇彩控股,HKG,Stocks,ak
#01181,唐宫中国,HKG,Stocks,ak
#01182,胜龙国际,HKG,Stocks,ak
#01183,澳能建设,HKG,Stocks,ak
#01184,S.A.S. DRAGON,HKG,Stocks,ak
#01185,中国航天万源,HKG,Stocks,ak
#01186,中国铁建,HKG,Stocks,ak
#01188,正道集团,HKG,Stocks,ak
#01189,大湾区聚变力量,HKG,Stocks,ak
#01191,中国中石控股,HKG,Stocks,ak
#01192,泰山石化,HKG,Stocks,ak
#01193,华润燃气,HKG,Stocks,ak
#01194,湾区黄金,HKG,Stocks,ak
#01195,京维集团,HKG,Stocks,ak
#01196,伟禄集团,HKG,Stocks,ak
#01198,皇朝家居,HKG,Stocks,ak
#01199,中远海运港口,HKG,Stocks,ak
#01200,美联集团,HKG,Stocks,ak
#01201,天臣控股,HKG,Stocks,ak
#01202,成都普天电缆股份,HKG,Stocks,ak
#01203,广南(集团),HKG,Stocks,ak
#01205,中信资源,HKG,Stocks,ak
#01206,同方泰德,HKG,Stocks,ak
#01207,上置集团,HKG,Stocks,ak
#01208,五矿资源,HKG,Stocks,ak
#01209,华润万象生活,HKG,Stocks,ak
#01210,克莉丝汀,HKG,Stocks,ak
#01211,比亚迪股份,HKG,Stocks,ak
#01212,利福国际,HKG,Stocks,ak
#01213,万保刚集团,HKG,Stocks,ak
#01215,开源控股,HKG,Stocks,ak
#01216,中原银行,HKG,Stocks,ak
#01217,中国创新投资,HKG,Stocks,ak
#01218,永义国际,HKG,Stocks,ak
#01220,志道国际,HKG,Stocks,ak
#01221,信和酒店,HKG,Stocks,ak
#01222,WANG ON GROUP,HKG,Stocks,ak
#01223,新沣集团,HKG,Stocks,ak
#01224,中渝置地,HKG,Stocks,ak
#01225,隆成金融,HKG,Stocks,ak
#01226,中国投融资,HKG,Stocks,ak
#01227,国盛投资,HKG,Stocks,ak
#01229,南南资源,HKG,Stocks,ak
#01230,雅士利国际,HKG,Stocks,ak
#01231,新矿资源,HKG,Stocks,ak
#01232,金轮天地控股,HKG,Stocks,ak
#01233,时代中国控股,HKG,Stocks,ak
#01234,中国利郎,HKG,Stocks,ak
#01235,专业旅运,HKG,Stocks,ak
#01237,中科生物,HKG,Stocks,ak
#01238,宝龙地产,HKG,Stocks,ak
#01239,金宝宝控股,HKG,Stocks,ak
#01240,青建国际,HKG,Stocks,ak
#01241,双桦控股,HKG,Stocks,ak
#01243,宏安地产,HKG,Stocks,ak
#01245,NIRAKU,HKG,Stocks,ak
#01246,保集健康,HKG,Stocks,ak
#01247,米格国际控股,HKG,Stocks,ak
#01250,北控清洁能源集团,HKG,Stocks,ak
#01251,华油能源,HKG,Stocks,ak
#01252,中国天瑞水泥,HKG,Stocks,ak
#01253,中国绿地博大绿泽,HKG,Stocks,ak
#01255,TATA健康,HKG,Stocks,ak
#01257,中国光大绿色环保,HKG,Stocks,ak
#01258,中国有色矿业,HKG,Stocks,ak
#01259,未来发展控股,HKG,Stocks,ak
#01260,皓天财经集团,HKG,Stocks,ak
#01262,蜡笔小新食品,HKG,Stocks,ak
#01263,柏能集团,HKG,Stocks,ak
#01265,天津津燃公用,HKG,Stocks,ak
#01266,西王特钢,HKG,Stocks,ak
#01268,美东汽车,HKG,Stocks,ak
#01269,首控集团,HKG,Stocks,ak
#01270,朗廷-SS,HKG,Stocks,ak
#01271,佳明集团控股,HKG,Stocks,ak
#01272,大唐环境,HKG,Stocks,ak
#01273,香港信贷,HKG,Stocks,ak
#01277,力量能源,HKG,Stocks,ak
#01278,中国新城镇,HKG,Stocks,ak
#01280,奇点国际,HKG,Stocks,ak
#01281,隆基泰和智慧能源,HKG,Stocks,ak
#01282,宝新金融,HKG,Stocks,ak
#01283,高升集团控股,HKG,Stocks,ak
#01285,嘉士利集团,HKG,Stocks,ak
#01286,鹰普精密,HKG,Stocks,ak
#01288,农业银行,HKG,Stocks,ak
#01289,盛力达科技,HKG,Stocks,ak
#01290,中国汇融,HKG,Stocks,ak
#01292,长安民生物流,HKG,Stocks,ak
#01293,广汇宝信,HKG,Stocks,ak
#01296,国电科环,HKG,Stocks,ak
#01297,中国擎天软件,HKG,Stocks,ak
#01298,云能国际,HKG,Stocks,ak
#01299,友邦保险,HKG,Stocks,ak
#01300,俊知集团,HKG,Stocks,ak
#01301,德基科技控股,HKG,Stocks,ak
#01302,先健科技,HKG,Stocks,ak
#01303,汇力资源,HKG,Stocks,ak
#01305,伟志控股,HKG,Stocks,ak
#01308,海丰国际,HKG,Stocks,ak
#01310,香港宽频,HKG,Stocks,ak
#01312,同方康泰,HKG,Stocks,ak
#01313,华润水泥控股,HKG,Stocks,ak
#01314,翠华控股,HKG,Stocks,ak
#01315,允升国际,HKG,Stocks,ak
#01316,耐世特,HKG,Stocks,ak
#01317,枫叶教育,HKG,Stocks,ak
#01319,霭华押业信贷,HKG,Stocks,ak
#01321,中国新城市,HKG,Stocks,ak
#01323,友川集团,HKG,Stocks,ak
#01326,传递娱乐,HKG,Stocks,ak
#01327,励时集团,HKG,Stocks,ak
#01328,金涌投资,HKG,Stocks,ak
#01329,首创钜大,HKG,Stocks,ak
#01330,绿色动力环保,HKG,Stocks,ak
#01332,中国透云,HKG,Stocks,ak
#01333,中国忠旺,HKG,Stocks,ak
#01335,顺泰控股,HKG,Stocks,ak
#01336,新华保险,HKG,Stocks,ak
#01337,雷蛇,HKG,Stocks,ak
#01338,霸王集团,HKG,Stocks,ak
#01339,中国人民保险集团,HKG,Stocks,ak
#01340,惠生国际,HKG,Stocks,ak
#01341,昊天国际建投,HKG,Stocks,ak
#01343,伟源控股,HKG,Stocks,ak
#01345,中国先锋医药,HKG,Stocks,ak
#01346,利华控股集团,HKG,Stocks,ak
#01347,华虹半导体,HKG,Stocks,ak
#01348,甏锔豢毓,HKG,Stocks,ak
#01349,复旦张江,HKG,Stocks,ak
#01351,辉煌明天,HKG,Stocks,ak
#01355,^浚国际,HKG,Stocks,ak
#01357,美图公司,HKG,Stocks,ak
#01358,普华和顺,HKG,Stocks,ak
#01359,中国信达,HKG,Stocks,ak
#01360,诺发集团,HKG,Stocks,ak
#01361,361度,HKG,Stocks,ak
#01362,新龙移动,HKG,Stocks,ak
#01363,中滔环保,HKG,Stocks,ak
#01365,润东汽车,HKG,Stocks,ak
#01366,江南集团,HKG,Stocks,ak
#01367,广州基金国际控股,HKG,Stocks,ak
#01368,特步国际,HKG,Stocks,ak
#01370,奥威控股,HKG,Stocks,ak
#01371,华彩控股,HKG,Stocks,ak
#01372,比速科技,HKG,Stocks,ak
#01373,国际家居零售,HKG,Stocks,ak
#01375,中州证券,HKG,Stocks,ak
#01376,RAFFLESINTERIOR,HKG,Stocks,ak
#01378,中国宏桥,HKG,Stocks,ak
#01379,温岭工量刃具,HKG,Stocks,ak
#01380,中国金石,HKG,Stocks,ak
#01381,粤丰环保,HKG,Stocks,ak
#01382,互太纺织,HKG,Stocks,ak
#01383,太阳城集团,HKG,Stocks,ak
#01385,上海复旦,HKG,Stocks,ak
#01386,国投集团控股,HKG,Stocks,ak
#01387,中国地利,HKG,Stocks,ak
#01388,安莉芳控股,HKG,Stocks,ak
#01389,美捷汇控股,HKG,Stocks,ak
#01393,恒鼎实业,HKG,Stocks,ak
#01395,强泰环保,HKG,Stocks,ak
#01396,粤港湾控股,HKG,Stocks,ak
#01397,碧瑶绿色集团,HKG,Stocks,ak
#01398,工商银行,HKG,Stocks,ak
#01399,锐信控股,HKG,Stocks,ak
#01400,满地科技股份,HKG,Stocks,ak
#01401,SPROCOMM INTEL,HKG,Stocks,ak
#01402,超智能控股,HKG,Stocks,ak
#01408,濠江机电,HKG,Stocks,ak
#01410,安领国际,HKG,Stocks,ak
#01412,隽思集团,HKG,Stocks,ak
#01413,广联工程控股,HKG,Stocks,ak
#01415,高伟电子,HKG,Stocks,ak
#01416,CTR HOLDINGS,HKG,Stocks,ak
#01417,浦江中国,HKG,Stocks,ak
#01418,盛诺集团,HKG,Stocks,ak
#01419,盈健医疗,HKG,Stocks,ak
#01420,川控股,HKG,Stocks,ak
#01421,工盖有限公司,HKG,Stocks,ak
#01425,捷隆控股,HKG,Stocks,ak
#01427,中国天保集团,HKG,Stocks,ak
#01428,耀才证券金融,HKG,Stocks,ak
#01429,天任集团,HKG,Stocks,ak
#01430,苏创燃气,HKG,Stocks,ak
#01431,原生态牧业,HKG,Stocks,ak
#01432,中国圣牧,HKG,Stocks,ak
#01433,常达控股,HKG,Stocks,ak
#01439,移动互联(中国),HKG,Stocks,ak
#01440,DEYUN HOLDING,HKG,Stocks,ak
#01442,INFINITY L&T,HKG,Stocks,ak
#01443,富临集团控股,HKG,Stocks,ak
#01446,鸿福堂,HKG,Stocks,ak
#01447,新福港,HKG,Stocks,ak
#01448,福寿园,HKG,Stocks,ak
#01449,立德教育,HKG,Stocks,ak
#01450,世纪睿科,HKG,Stocks,ak
#01451,万成集团股份,HKG,Stocks,ak
#01452,迪诺斯环保,HKG,Stocks,ak
#01455,科利实业控股,HKG,Stocks,ak
#01456,国联证券,HKG,Stocks,ak
#01458,周黑鸭,HKG,Stocks,ak
#01459,巨匠建设,HKG,Stocks,ak
#01460,扬科集团,HKG,Stocks,ak
#01461,鲁证期货,HKG,Stocks,ak
#01463,C-LINK SQ,HKG,Stocks,ak
#01466,钱唐控股,HKG,Stocks,ak
#01468,京基金融国际,HKG,Stocks,ak
#01469,结好金融,HKG,Stocks,ak
#01470,富一国际控股,HKG,Stocks,ak
#01472,生兴控股,HKG,Stocks,ak
#01473,环联连讯,HKG,Stocks,ak
#01475,日清食品,HKG,Stocks,ak
#01476,恒投证券,HKG,Stocks,ak
#01477,欧康维视生物-B,HKG,Stocks,ak
#01478,丘钛科技,HKG,Stocks,ak
#01480,恩达集团控股,HKG,Stocks,ak
#01481,竣球控股,HKG,Stocks,ak
#01483,誉宴集团,HKG,Stocks,ak
#01486,思城控股,HKG,Stocks,ak
#01488,百福控股,HKG,Stocks,ak
#01490,CHESHI,HKG,Stocks,ak
#01492,中地乳业,HKG,Stocks,ak
#01495,集一控股,HKG,Stocks,ak
#01496,亚积邦租赁,HKG,Stocks,ak
#01498,培力控股,HKG,Stocks,ak
#01499,欧科云链,HKG,Stocks,ak
#01500,现恒建筑,HKG,Stocks,ak
#01501,康德莱医械,HKG,Stocks,ak
#01502,金融街物业,HKG,Stocks,ak
#01508,中国再保险,HKG,Stocks,ak
#01513,丽珠医药,HKG,Stocks,ak
#01515,华润医疗,HKG,Stocks,ak
#01516,融创服务,HKG,Stocks,ak
#01518,新世纪医疗,HKG,Stocks,ak
#01520,华信金融投资,HKG,Stocks,ak
#01521,方达控股,HKG,Stocks,ak
#01522,京投交通科技,HKG,Stocks,ak
#01523,珩湾科技,HKG,Stocks,ak
#01525,建桥教育,HKG,Stocks,ak
#01526,瑞慈医疗,HKG,Stocks,ak
#01527,天洁环境,HKG,Stocks,ak
#01528,红星美凯龙,HKG,Stocks,ak
#01529,健升物流中国,HKG,Stocks,ak
#01530,三生制药,HKG,Stocks,ak
#01532,中国派对文化,HKG,Stocks,ak
#01533,庄园牧场,HKG,Stocks,ak
#01536,煜荣集团,HKG,Stocks,ak
#01538,中奥到家,HKG,Stocks,ak
#01539,汇能集团,HKG,Stocks,ak
#01540,澳狮环球,HKG,Stocks,ak
#01542,台州水务,HKG,Stocks,ak
#01543,中盈盛达融资担保,HKG,Stocks,ak
#01545,设计都会,HKG,Stocks,ak
#01546,德莱建业,HKG,Stocks,ak
#01547,IBI GROUP HLDGS,HKG,Stocks,ak
#01548,金斯瑞生物科技,HKG,Stocks,ak
#01549,永丰集团控股,HKG,Stocks,ak
#01551,广州农商银行,HKG,Stocks,ak
#01552,BHCC HOLDING,HKG,Stocks,ak
#01553,迈科管业,HKG,Stocks,ak
#01555,MI能源,HKG,Stocks,ak
#01556,建业建荣,HKG,Stocks,ak
#01557,剑虹集团控股,HKG,Stocks,ak
#01558,东阳光药,HKG,Stocks,ak
#01559,均安控股,HKG,Stocks,ak
#01560,星星地产,HKG,Stocks,ak
#01561,联洋智能控股,HKG,Stocks,ak
#01563,友联租赁,HKG,Stocks,ak
#01565,成实外教育,HKG,Stocks,ak
#01566,华夏文化科技,HKG,Stocks,ak
#01568,承达集团,HKG,Stocks,ak
#01569,民生教育,HKG,Stocks,ak
#01570,伟业控股,HKG,Stocks,ak
#01571,信邦控股,HKG,Stocks,ak
#01572,中国艺术金融,HKG,Stocks,ak
#01573,南方能源,HKG,Stocks,ak
#01575,慕容控股,HKG,Stocks,ak
#01576,齐鲁高速,HKG,Stocks,ak
#01577,汇鑫小贷,HKG,Stocks,ak
#01578,天津银行,HKG,Stocks,ak
#01579,颐海国际,HKG,Stocks,ak
#01580,大森控股,HKG,Stocks,ak
#01581,进升集团控股,HKG,Stocks,ak
#01582,华营建筑,HKG,Stocks,ak
#01583,亲亲食品,HKG,Stocks,ak
#01585,雅迪控股,HKG,Stocks,ak
#01586,中国力鸿,HKG,Stocks,ak
#01587,欣融国际,HKG,Stocks,ak
#01588,畅捷通,HKG,Stocks,ak
#01589,中国物流资产,HKG,Stocks,ak
#01591,汛和集团,HKG,Stocks,ak
#01592,基石控股,HKG,Stocks,ak
#01593,辰林教育,HKG,Stocks,ak
#01596,翼辰实业,HKG,Stocks,ak
#01597,纳泉能源科技,HKG,Stocks,ak
#01598,21世纪教育,HKG,Stocks,ak
#01599,城建设计,HKG,Stocks,ak
#01600,天伦燃气,HKG,Stocks,ak
#01601,中关村科技租赁,HKG,Stocks,ak
#01606,国银租赁,HKG,Stocks,ak
#01608,伟能集团,HKG,Stocks,ak
#01609,创建集团控股,HKG,Stocks,ak
#01610,中粮家佳康,HKG,Stocks,ak
#01611,火币科技,HKG,Stocks,ak
#01612,永胜医疗,HKG,Stocks,ak
#01613,协同通信,HKG,Stocks,ak
#01615,奥邦建筑,HKG,Stocks,ak
#01616,星宏传媒,HKG,Stocks,ak
#01617,南方通信,HKG,Stocks,ak
#01618,中国中冶,HKG,Stocks,ak
#01620,加达控股,HKG,Stocks,ak
#01621,域高国际控股,HKG,Stocks,ak
#01622,力高集团,HKG,Stocks,ak
#01623,海隆控股,HKG,Stocks,ak
#01626,嘉耀控股,HKG,Stocks,ak
#01627,安保工程控股,HKG,Stocks,ak
#01628,禹洲集团,HKG,Stocks,ak
#01629,冠均国际控股,HKG,Stocks,ak
#01630,建成控股,HKG,Stocks,ak
#01631,REF HOLDINGS,HKG,Stocks,ak
#01632,民商创科,HKG,Stocks,ak
#01633,上谕集团,HKG,Stocks,ak
#01635,大众公用,HKG,Stocks,ak
#01636,中国金属利用,HKG,Stocks,ak
#01637,顺兴集团控股,HKG,Stocks,ak
#01638,佳兆业集团,HKG,Stocks,ak
#01639,安捷利实业,HKG,Stocks,ak
#01640,瑞诚中国传媒,HKG,Stocks,ak
#01643,现代中药集团,HKG,Stocks,ak
#01645,海纳智能,HKG,Stocks,ak
#01647,雄岸科技,HKG,Stocks,ak
#01649,内蒙古能建,HKG,Stocks,ak
#01650,HYGIEIA GROUP,HKG,Stocks,ak
#01651,津上机床中国,HKG,Stocks,ak
#01652,福森药业,HKG,Stocks,ak
#01653,MOS HOUSE,HKG,Stocks,ak
#01655,OKURA HOLDINGS,HKG,Stocks,ak
#01656,亿仕登控股,HKG,Stocks,ak
#01657,桦欣控股,HKG,Stocks,ak
#01658,邮储银行,HKG,Stocks,ak
#01660,兆邦基地产,HKG,Stocks,ak
#01661,智美体育,HKG,Stocks,ak
#01662,义合控股,HKG,Stocks,ak
#01663,汉港控股,HKG,Stocks,ak
#01665,槟杰科达,HKG,Stocks,ak
#01666,同仁堂科技,HKG,Stocks,ak
#01667,进阶发展,HKG,Stocks,ak
#01668,华南城,HKG,Stocks,ak
#01669,环球信贷集团,HKG,Stocks,ak
#01671,天保能源,HKG,Stocks,ak
#01672,歌礼制药-B,HKG,Stocks,ak
#01673,华章科技,HKG,Stocks,ak
#01675,亚信科技,HKG,Stocks,ak
#01676,中国升海集团,HKG,Stocks,ak
#01678,中创环球,HKG,Stocks,ak
#01679,瑞斯康集团,HKG,Stocks,ak
#01680,澳门励骏,HKG,Stocks,ak
#01681,康臣药业,HKG,Stocks,ak
#01682,杭品生活科技,HKG,Stocks,ak
#01683,旷逸国际,HKG,Stocks,ak
#01685,博耳电力,HKG,Stocks,ak
#01686,新意网集团,HKG,Stocks,ak
#01689,华禧控股,HKG,Stocks,ak
#01690,立基工程控股,HKG,Stocks,ak
#01691,JS环球生活,HKG,Stocks,ak
#01692,登辉控股,HKG,Stocks,ak
#01693,璋利国际,HKG,Stocks,ak
#01695,椰丰集团,HKG,Stocks,ak
#01696,复锐医疗科技,HKG,Stocks,ak
#01697,山东国信,HKG,Stocks,ak
#01699,普甜食品,HKG,Stocks,ak
#01701,途屹控股,HKG,Stocks,ak
#01702,东光化工,HKG,Stocks,ak
#01703,首沣控股,HKG,Stocks,ak
#01705,宾仕国际,HKG,Stocks,ak
#01706,双运控股,HKG,Stocks,ak
#01707,致浩达控股,HKG,Stocks,ak
#01708,三宝科技,HKG,Stocks,ak
#01709,德林控股,HKG,Stocks,ak
#01710,致丰工业电子,HKG,Stocks,ak
#01711,欧化,HKG,Stocks,ak
#01712,龙资源,HKG,Stocks,ak
#01713,四川能投发展,HKG,Stocks,ak
#01715,米技国际控股,HKG,Stocks,ak
#01716,毛记葵涌,HKG,Stocks,ak
#01717,澳优,HKG,Stocks,ak
#01718,宏基集团控股,HKG,Stocks,ak
#01719,中国通商集团,HKG,Stocks,ak
#01720,普天通信集团,HKG,Stocks,ak
#01721,FSM HOLDINGS,HKG,Stocks,ak
#01722,建鹏控股,HKG,Stocks,ak
#01723,港亚控股,HKG,Stocks,ak
#01725,恒达科技控股,HKG,Stocks,ak
#01726,HKE HOLDINGS,HKG,Stocks,ak
#01727,河北建设,HKG,Stocks,ak
#01728,正通汽车,HKG,Stocks,ak
#01729,汇聚科技,HKG,Stocks,ak
#01730,贤能集团,HKG,Stocks,ak
#01731,其利工业集团,HKG,Stocks,ak
#01732,象兴国际,HKG,Stocks,ak
#01733,易大宗,HKG,Stocks,ak
#01735,中环控股,HKG,Stocks,ak
#01736,中国育儿网络,HKG,Stocks,ak
#01737,亚洲实业集团,HKG,Stocks,ak
#01738,飞尚无烟煤,HKG,Stocks,ak
#01739,齐屹科技,HKG,Stocks,ak
#01740,新石文化,HKG,Stocks,ak
#01741,日赢控股,HKG,Stocks,ak
#01742,HPC HOLDINGS,HKG,Stocks,ak
#01743,苍南仪表,HKG,Stocks,ak
#01745,驴迹科技,HKG,Stocks,ak
#01746,万顺集团控股,HKG,Stocks,ak
#01747,HOME CONTROL,HKG,Stocks,ak
#01748,信源企业集团,HKG,Stocks,ak
#01749,杉杉品牌,HKG,Stocks,ak
#01750,全达电器集团控股,HKG,Stocks,ak
#01751,景联集团,HKG,Stocks,ak
#01752,澳洲成峰高教,HKG,Stocks,ak
#01753,兑吧,HKG,Stocks,ak
#01755,新城悦服务,HKG,Stocks,ak
#01756,华立大学集团,HKG,Stocks,ak
#01757,俊裕地基,HKG,Stocks,ak
#01758,博骏教育,HKG,Stocks,ak
#01759,中油洁能控股,HKG,Stocks,ak
#01760,英恒科技,HKG,Stocks,ak
#01761,宝宝树集团,HKG,Stocks,ak
#01762,万咖壹联,HKG,Stocks,ak
#01763,中国同辐,HKG,Stocks,ak
#01765,希望教育,HKG,Stocks,ak
#01766,中国中车,HKG,Stocks,ak
#01767,TS WONDERS,HKG,Stocks,ak
#01769,思考乐教育,HKG,Stocks,ak
#01771,新丰泰集团,HKG,Stocks,ak
#01772,赣锋锂业,HKG,Stocks,ak
#01773,天立教育,HKG,Stocks,ak
#01775,精英汇集团,HKG,Stocks,ak
#01776,广发证券,HKG,Stocks,ak
#01777,花样年控股,HKG,Stocks,ak
#01778,彩生活,HKG,Stocks,ak
#01780,B & D STRATEGIC,HKG,Stocks,ak
#01781,新昌创展控股,HKG,Stocks,ak
#01782,飞思达科技,HKG,Stocks,ak
#01783,金仑控股有限公司,HKG,Stocks,ak
#01785,成都高速,HKG,Stocks,ak
#01786,铁建装备,HKG,Stocks,ak
#01787,山东黄金,HKG,Stocks,ak
#01788,国泰君安国际,HKG,Stocks,ak
#01789,爱康医疗,HKG,Stocks,ak
#01790,达力环保,HKG,Stocks,ak
#01792,CMON,HKG,Stocks,ak
#01793,伟工控股,HKG,Stocks,ak
#01795,亚东集团,HKG,Stocks,ak
#01796,耀高控股,HKG,Stocks,ak
#01797,新东方在线,HKG,Stocks,ak
#01798,大唐新能源,HKG,Stocks,ak
#01799,新特能源,HKG,Stocks,ak
#01800,中国交通建设,HKG,Stocks,ak
#01801,信达生物,HKG,Stocks,ak
#01802,文业集团,HKG,Stocks,ak
#01803,北京体育文化,HKG,Stocks,ak
#01806,汇付天下,HKG,Stocks,ak
#01808,企展控股,HKG,Stocks,ak
#01809,浦林成山,HKG,Stocks,ak
#01810,小米集团-W,HKG,Stocks,ak
#01811,中广核新能源,HKG,Stocks,ak
#01812,晨鸣纸业,HKG,Stocks,ak
#01813,合景泰富集团,HKG,Stocks,ak
#01815,金猫银猫,HKG,Stocks,ak
#01816,中广核电力,HKG,Stocks,ak
#01817,慕尚集团控股,HKG,Stocks,ak
#01818,招金矿业,HKG,Stocks,ak
#01820,济丰包装,HKG,Stocks,ak
#01821,ESR,HKG,Stocks,ak
#01822,中木国际,HKG,Stocks,ak
#01823,华昱高速,HKG,Stocks,ak
#01825,美臻集团,HKG,Stocks,ak
#01826,旭通控股,HKG,Stocks,ak
#01827,卓珈控股,HKG,Stocks,ak
#01829,中国机械工程,HKG,Stocks,ak
#01830,必瘦站,HKG,Stocks,ak
#01831,十方控股,HKG,Stocks,ak
#01832,海天地悦旅,HKG,Stocks,ak
#01833,平安好医生,HKG,Stocks,ak
#01835,瑞威资管,HKG,Stocks,ak
#01836,九兴控股,HKG,Stocks,ak
#01837,五谷磨房,HKG,Stocks,ak
#01838,CHINAPROPERTIES,HKG,Stocks,ak
#01839,中集车辆,HKG,Stocks,ak
#01841,优越集团控股,HKG,Stocks,ak
#01842,植华集团,HKG,Stocks,ak
#01843,快餐帝国,HKG,Stocks,ak
#01845,维港环保科技,HKG,Stocks,ak
#01846,德视佳,HKG,Stocks,ak
#01847,云南建投混凝土,HKG,Stocks,ak
#01848,中国飞机租赁,HKG,Stocks,ak
#01849,秀商时代控股,HKG,Stocks,ak
#01850,海鑫集团,HKG,Stocks,ak
#01851,银杏教育,HKG,Stocks,ak
#01853,春城热力,HKG,Stocks,ak
#01854,展程控股,HKG,Stocks,ak
#01855,中邦环境,HKG,Stocks,ak
#01856,依波路,HKG,Stocks,ak
#01857,中国光大水务,HKG,Stocks,ak
#01858,春立医疗,HKG,Stocks,ak
#01859,煜盛文化,HKG,Stocks,ak
#01860,汇量科技,HKG,Stocks,ak
#01861,保宝龙科技,HKG,Stocks,ak
#01862,景瑞控股,HKG,Stocks,ak
#01863,中国龙天集团,HKG,Stocks,ak
#01865,管道工程,HKG,Stocks,ak
#01866,中国心连心化肥,HKG,Stocks,ak
#01867,乐嘉思控股,HKG,Stocks,ak
#01868,同方友友,HKG,Stocks,ak
#01869,利宝阁集团,HKG,Stocks,ak
#01870,益美国际控股,HKG,Stocks,ak
#01871,向中国际,HKG,Stocks,ak
#01872,冠C控股,HKG,Stocks,ak
#01873,维亚生物,HKG,Stocks,ak
#01875,东曜药业-B,HKG,Stocks,ak
#01876,百威亚太,HKG,Stocks,ak
#01877,君实生物,HKG,Stocks,ak
#01878,南戈壁-S,HKG,Stocks,ak
#01882,海天国际,HKG,Stocks,ak
#01883,中信国际电讯,HKG,Stocks,ak
#01884,EPRINT集团,HKG,Stocks,ak
#01885,中国优材,HKG,Stocks,ak
#01888,建滔积层板,HKG,Stocks,ak
#01889,三爱健康集团,HKG,Stocks,ak
#01890,中国科培,HKG,Stocks,ak
#01891,兴合控股,HKG,Stocks,ak
#01894,恒益控股,HKG,Stocks,ak
#01895,鑫苑服务,HKG,Stocks,ak
#01896,猫眼娱乐,HKG,Stocks,ak
#01897,美亨实业,HKG,Stocks,ak
#01898,中煤能源,HKG,Stocks,ak
#01899,兴达国际,HKG,Stocks,ak
#01900,中国智能交通,HKG,Stocks,ak
#01901,飞扬集团,HKG,Stocks,ak
#01902,银城国际控股,HKG,Stocks,ak
#01903,JBB BUILDERS,HKG,Stocks,ak
#01905,海通恒信,HKG,Stocks,ak
#01906,博尼控股,HKG,Stocks,ak
#01907,中国旭阳集团,HKG,Stocks,ak
#01908,建发国际集团,HKG,Stocks,ak
#01909,火岩控股,HKG,Stocks,ak
#01910,新秀丽,HKG,Stocks,ak
#01911,华兴资本控股,HKG,Stocks,ak
#01912,康特隆,HKG,Stocks,ak
#01913,普拉达,HKG,Stocks,ak
#01915,泰和小贷,HKG,Stocks,ak
#01916,江西银行,HKG,Stocks,ak
#01917,豆盟科技,HKG,Stocks,ak
#01918,融创中国,HKG,Stocks,ak
#01919,中远海控,HKG,Stocks,ak
#01920,恒新丰控股,HKG,Stocks,ak
#01921,达力普控股,HKG,Stocks,ak
#01922,银城生活服务,HKG,Stocks,ak
#01925,旷世控股,HKG,Stocks,ak
#01927,久久王,HKG,Stocks,ak
#01928,金沙中国有限公司,HKG,Stocks,ak
#01929,周大福,HKG,Stocks,ak
#01930,勋龙,HKG,Stocks,ak
#01931,华检医疗,HKG,Stocks,ak
#01932,中漆集团,HKG,Stocks,ak
#01933,元力控股,HKG,Stocks,ak
#01935,嘉宏教育,HKG,Stocks,ak
#01936,利特米,HKG,Stocks,ak
#01937,佳辰控股,HKG,Stocks,ak
#01938,珠江钢管,HKG,Stocks,ak
#01939,东京中央拍卖,HKG,Stocks,ak
#01940,CGII HLDGS,HKG,Stocks,ak
#01941,烨星集团,HKG,Stocks,ak
#01942,MOG HOLDINGS,HKG,Stocks,ak
#01943,银涛控股,HKG,Stocks,ak
#01945,清科创业,HKG,Stocks,ak
#01949,PLATT NERA,HKG,Stocks,ak
#01950,深蓝科技控股,HKG,Stocks,ak
#01951,锦欣生殖,HKG,Stocks,ak
#01952,云顶新耀-B,HKG,Stocks,ak
#01953,RIMBACO,HKG,Stocks,ak
#01955,庄臣控股,HKG,Stocks,ak
#01957,MBV INTL,HKG,Stocks,ak
#01958,北京汽车,HKG,Stocks,ak
#01959,世纪联合控股,HKG,Stocks,ak
#01960,TBKS HLDGS,HKG,Stocks,ak
#01961,九尊数字互娱,HKG,Stocks,ak
#01962,训修实业,HKG,Stocks,ak
#01963,重庆银行,HKG,Stocks,ak
#01966,中骏集团控股,HKG,Stocks,ak
#01967,信恳智能,HKG,Stocks,ak
#01968,兴纺控股,HKG,Stocks,ak
#01969,中国春来,HKG,Stocks,ak
#01970,IMAX CHINA,HKG,Stocks,ak
#01971,弘阳服务,HKG,Stocks,ak
#01972,太古地产,HKG,Stocks,ak
#01975,新兴印刷,HKG,Stocks,ak
#01977,安乐工程,HKG,Stocks,ak
#01978,叙福楼集团,HKG,Stocks,ak
#01979,天宝集团,HKG,Stocks,ak
#01980,天鸽互动,HKG,Stocks,ak
#01981,华夏视听教育,HKG,Stocks,ak
#01982,南旋控股,HKG,Stocks,ak
#01983,泸州银行,HKG,Stocks,ak
#01985,美高域,HKG,Stocks,ak
#01986,彩客化学,HKG,Stocks,ak
#01987,BENG SOON MACH,HKG,Stocks,ak
#01988,民生银行,HKG,Stocks,ak
#01989,松龄护老集团,HKG,Stocks,ak
#01991,大洋集团,HKG,Stocks,ak
#01992,复星旅游文化,HKG,Stocks,ak
#01993,雅仕维,HKG,Stocks,ak
#01995,永升生活服务,HKG,Stocks,ak
#01996,弘阳地产,HKG,Stocks,ak
#01997,九龙仓置业,HKG,Stocks,ak
#01999,敏华控股,HKG,Stocks,ak
#02000,晨讯科技,HKG,Stocks,ak
#02001,新高教集团,HKG,Stocks,ak
#02002,阳光纸业,HKG,Stocks,ak
#02003,维信金科,HKG,Stocks,ak
#02005,石四药集团,HKG,Stocks,ak
#02006,锦江资本,HKG,Stocks,ak
#02007,碧桂园,HKG,Stocks,ak
#02008,凤凰卫视,HKG,Stocks,ak
#02009,金隅集团,HKG,Stocks,ak
#02011,开易控股,HKG,Stocks,ak
#02012,阳光油砂,HKG,Stocks,ak
#02013,微盟集团,HKG,Stocks,ak
#02014,浩泽净水,HKG,Stocks,ak
#02016,浙商银行,HKG,Stocks,ak
#02017,沧海控股,HKG,Stocks,ak
#02018,瑞声科技,HKG,Stocks,ak
#02019,德信中国,HKG,Stocks,ak
#02020,安踏体育,HKG,Stocks,ak
#02022,游莱互动,HKG,Stocks,ak
#02023,中国绿岛科技,HKG,Stocks,ak
#02025,瑞丰动力,HKG,Stocks,ak
#02028,映美控股,HKG,Stocks,ak
#02030,卡宾,HKG,Stocks,ak
#02031,澳至尊,HKG,Stocks,ak
#02033,时计宝,HKG,Stocks,ak
#02038,富智康集团,HKG,Stocks,ak
#02039,中集集团,HKG,Stocks,ak
#02048,易居企业控股,HKG,Stocks,ak
#02051,51信用卡,HKG,Stocks,ak
#02057,中通快递-SW,HKG,Stocks,ak
#02060,浦江国际,HKG,Stocks,ak
#02066,盛京银行,HKG,Stocks,ak
#02068,中铝国际,HKG,Stocks,ak
#02078,荣阳实业,HKG,Stocks,ak
#02080,奥克斯国际,HKG,Stocks,ak
#02083,大自然家居,HKG,Stocks,ak
#02086,海航科技投资,HKG,Stocks,ak
#02088,西王置业,HKG,Stocks,ak
#02096,先声药业,HKG,Stocks,ak
#02098,卓尔智联,HKG,Stocks,ak
#02099,中国黄金国际,HKG,Stocks,ak
#02100,百奥家庭互动,HKG,Stocks,ak
#02101,福禄控股,HKG,Stocks,ak
#02102,德利机械,HKG,Stocks,ak
#02103,新力控股集团,HKG,Stocks,ak
#02107,第一服务控股,HKG,Stocks,ak
#02108,K2 F&B,HKG,Stocks,ak
#02110,裕勤控股,HKG,Stocks,ak
#02111,超盈国际控股,HKG,Stocks,ak
#02112,优库资源,HKG,Stocks,ak
#02113,世纪集团国际,HKG,Stocks,ak
#02115,捷心隆,HKG,Stocks,ak
#02116,江苏创新,HKG,Stocks,ak
#02117,大唐集团控股,HKG,Stocks,ak
#02118,天山发展控股,HKG,Stocks,ak
#02119,捷荣国际控股,HKG,Stocks,ak
#02120,康宁医院,HKG,Stocks,ak
#02122,凯知乐国际,HKG,Stocks,ak
#02123,金盾控股,HKG,Stocks,ak
#02125,稻草熊娱乐,HKG,Stocks,ak
#02126,药明巨诺-B,HKG,Stocks,ak
#02127,汇森家居,HKG,Stocks,ak
#02128,中国联塑,HKG,Stocks,ak
#02129,LEGION CONSO,HKG,Stocks,ak
#02130,嘉泓物流,HKG,Stocks,ak
#02131,云想科技,HKG,Stocks,ak
#02132,誉龇峥毓,HKG,Stocks,ak
#02133,信盛矿业,HKG,Stocks,ak
#02135,瑞丽医美,HKG,Stocks,ak
#02136,利福中国,HKG,Stocks,ak
#02138,香港医思医疗集团,HKG,Stocks,ak
#02139,甘肃银行,HKG,Stocks,ak
#02142,和铂医药-B,HKG,Stocks,ak
#02146,荣万家,HKG,Stocks,ak
#02148,VESYNC,HKG,Stocks,ak
#02153,达丰设备,HKG,Stocks,ak
#02156,建发物业,HKG,Stocks,ak
#02158,医渡科技,HKG,Stocks,ak
#02159,麦迪卫康,HKG,Stocks,ak
#02160,心通医疗-B,HKG,Stocks,ak
#02161,健倍苗苗,HKG,Stocks,ak
#02163,远大住工,HKG,Stocks,ak
#02166,芯智控股,HKG,Stocks,ak
#02168,佳兆业美好,HKG,Stocks,ak
#02169,沧港铁路,HKG,Stocks,ak
#02170,贝康医疗-B,HKG,Stocks,ak
#02178,百勤油服,HKG,Stocks,ak
#02180,万宝盛华,HKG,Stocks,ak
#02181,迈博药业-B,HKG,Stocks,ak
#02182,天长集团,HKG,Stocks,ak
#02183,三盛控股,HKG,Stocks,ak
#02186,绿叶制药,HKG,Stocks,ak
#02187,智欣集团控股,HKG,Stocks,ak
#02188,泰坦能源技术,HKG,Stocks,ak
#02189,嘉涛(香港)控股,HKG,Stocks,ak
#02193,万景控股,HKG,Stocks,ak
#02196,复星医药,HKG,Stocks,ak
#02198,中国三江化工,HKG,Stocks,ak
#02199,维珍妮,HKG,Stocks,ak
#02202,万科企业,HKG,Stocks,ak
#02203,脑洞科技,HKG,Stocks,ak
#02208,金风科技,HKG,Stocks,ak
#02211,大健康国际,HKG,Stocks,ak
#02212,高鹏矿业,HKG,Stocks,ak
#02213,益华控股,HKG,Stocks,ak
#02218,安德利果汁,HKG,Stocks,ak
#02221,创业集团控股,HKG,Stocks,ak
#02222,雷士国际,HKG,Stocks,ak
#02223,卡撒天娇,HKG,Stocks,ak
#02225,今海国际,HKG,Stocks,ak
#02226,老恒和酿造,HKG,Stocks,ak
#02227,守益控股,HKG,Stocks,ak
#02228,中国节能海东青,HKG,Stocks,ak
#02230,羚邦集团,HKG,Stocks,ak
#02231,景业名邦集团,HKG,Stocks,ak
#02232,晶苑国际,HKG,Stocks,ak
#02233,西部水泥,HKG,Stocks,ak
#02236,惠生工程,HKG,Stocks,ak
#02238,广汽集团,HKG,Stocks,ak
#02239,国微控股,HKG,Stocks,ak
#02255,海昌海洋公园,HKG,Stocks,ak
#02258,华滋国际海洋,HKG,Stocks,ak
#02262,梁志天设计集团,HKG,Stocks,ak
#02263,富石金融,HKG,Stocks,ak
#02266,黎氏企业,HKG,Stocks,ak
#02269,药明生物,HKG,Stocks,ak
#02278,海蓝控股,HKG,Stocks,ak
#02280,慧聪集团,HKG,Stocks,ak
#02281,兴泸水务,HKG,Stocks,ak
#02282,美高梅中国,HKG,Stocks,ak
#02283,东江集团控股,HKG,Stocks,ak
#02286,辰兴发展,HKG,Stocks,ak
#02288,宏基资本,HKG,Stocks,ak
#02289,创美药业,HKG,Stocks,ak
#02292,晋安实业,HKG,Stocks,ak
#02293,百本医护,HKG,Stocks,ak
#02296,华记环球集团,HKG,Stocks,ak
#02298,都市丽人,HKG,Stocks,ak
#02299,百宏实业,HKG,Stocks,ak
#02300,澳科控股,HKG,Stocks,ak
#02302,中核国际,HKG,Stocks,ak
#02307,锦兴国际控股,HKG,Stocks,ak
#02308,研祥智能,HKG,Stocks,ak
#02309,伯明翰体育,HKG,Stocks,ak
#02310,时代环球集团,HKG,Stocks,ak
#02312,中国金融租赁,HKG,Stocks,ak
#02313,申洲国际,HKG,Stocks,ak
#02314,理文造纸,HKG,Stocks,ak
#02317,味丹国际,HKG,Stocks,ak
#02318,中国平安,HKG,Stocks,ak
#02319,蒙牛乳业,HKG,Stocks,ak
#02320,合丰集团,HKG,Stocks,ak
#02322,香港潮商集团,HKG,Stocks,ak
#02323,融科控股,HKG,Stocks,ak
#02324,首都创投,HKG,Stocks,ak
#02326,新源万恒控股,HKG,Stocks,ak
#02327,美瑞健康国际,HKG,Stocks,ak
#02328,中国财险,HKG,Stocks,ak
#02329,国瑞置业,HKG,Stocks,ak
#02330,中国上城,HKG,Stocks,ak
#02331,李宁,HKG,Stocks,ak
#02333,长城汽车,HKG,Stocks,ak
#02336,海亮国际,HKG,Stocks,ak
#02337,众诚能源,HKG,Stocks,ak
#02338,潍柴动力,HKG,Stocks,ak
#02339,京西国际,HKG,Stocks,ak
#02340,N捷控股,HKG,Stocks,ak
#02341,中怡国际,HKG,Stocks,ak
#02342,京信通信,HKG,Stocks,ak
#02343,太平洋航运,HKG,Stocks,ak
#02346,星宇控股,HKG,Stocks,ak
#02348,东瑞制药,HKG,Stocks,ak
#02349,中国城市基础设施,HKG,Stocks,ak
#02355,宝业集团,HKG,Stocks,ak
#02356,大新银行集团,HKG,Stocks,ak
#02357,中航科工,HKG,Stocks,ak
#02358,久融控股,HKG,Stocks,ak
#02359,药明康德,HKG,Stocks,ak
#02360,优品360,HKG,Stocks,ak
#02362,金川国际,HKG,Stocks,ak
#02363,通达宏泰,HKG,Stocks,ak
#02366,星美文化旅游,HKG,Stocks,ak
#02368,鹰美,HKG,Stocks,ak
#02369,酷派集团,HKG,Stocks,ak
#02371,创联教育金融,HKG,Stocks,ak
#02377,博奇环保,HKG,Stocks,ak
#02378,保诚,HKG,Stocks,ak
#02379,中天国际,HKG,Stocks,ak
#02380,中国电力,HKG,Stocks,ak
#02381,蚬壳电业,HKG,Stocks,ak
#02382,舜宇光学科技,HKG,Stocks,ak
#02383,TOM集团,HKG,Stocks,ak
#02386,中石化炼化工程,HKG,Stocks,ak
#02388,中银香港,HKG,Stocks,ak
#02389,北控医疗健康,HKG,Stocks,ak
#02393,巨星医疗控股,HKG,Stocks,ak
#02398,友佳国际,HKG,Stocks,ak
#02399,虎都,HKG,Stocks,ak
#02400,心动公司,HKG,Stocks,ak
#02448,恒宇集团,HKG,Stocks,ak
#02488,元征科技,HKG,Stocks,ak
#02500,启明医疗-B,HKG,Stocks,ak
#02518,汽车之家-S,HKG,Stocks,ak
#02528,尚晋国际控股,HKG,Stocks,ak
#02552,华领医药-B,HKG,Stocks,ak
#02558,晋商银行,HKG,Stocks,ak
#02588,中银航空租赁,HKG,Stocks,ak
#02599,祥生控股集团,HKG,Stocks,ak
#02600,中国铝业,HKG,Stocks,ak
#02601,中国太保,HKG,Stocks,ak
#02606,蓝光嘉宝服务,HKG,Stocks,ak
#02607,上海医药,HKG,Stocks,ak
#02608,阳光100中国,HKG,Stocks,ak
#02611,国泰君安,HKG,Stocks,ak
#02616,基石药业-B,HKG,Stocks,ak
#02623,爱德新能源,HKG,Stocks,ak
#02628,中国人寿,HKG,Stocks,ak
#02633,雅各臣科研制药,HKG,Stocks,ak
#02638,港灯-SS,HKG,Stocks,ak
#02660,禅游科技,HKG,Stocks,ak
#02662,美好发展,HKG,Stocks,ak
#02663,应力控股,HKG,Stocks,ak
#02666,环球医疗,HKG,Stocks,ak
#02668,百德国际,HKG,Stocks,ak
#02669,中海物业,HKG,Stocks,ak
#02678,天虹纺织,HKG,Stocks,ak
#02680,创升控股,HKG,Stocks,ak
#02682,润利海事,HKG,Stocks,ak
#02683,华新手袋国际控股,HKG,Stocks,ak
#02686,亚美能源,HKG,Stocks,ak
#02688,新奥能源,HKG,Stocks,ak
#02689,玖龙纸业,HKG,Stocks,ak
#02696,复宏汉霖-B,HKG,Stocks,ak
#02698,魏桥纺织,HKG,Stocks,ak
#02699,新明中国,HKG,Stocks,ak
#02700,格林国际控股,HKG,Stocks,ak
#02708,艾伯科技,HKG,Stocks,ak
#02718,东正金融,HKG,Stocks,ak
#02722,重庆机电,HKG,Stocks,ak
#02727,上海电气,HKG,Stocks,ak
#02728,金泰能源控股,HKG,Stocks,ak
#02738,华津国际控股,HKG,Stocks,ak
#02768,佳源国际控股,HKG,Stocks,ak
#02772,中梁控股,HKG,Stocks,ak
#02777,富力地产,HKG,Stocks,ak
#02779,中国新华教育,HKG,Stocks,ak
#02788,精熙国际,HKG,Stocks,ak
#02789,远大中国,HKG,Stocks,ak
#02798,久泰邦达能源,HKG,Stocks,ak
#02799,中国华融,HKG,Stocks,ak
#02858,易鑫集团,HKG,Stocks,ak
#02863,高丰集团控股,HKG,Stocks,ak
#02866,中远海发,HKG,Stocks,ak
#02868,首创置业,HKG,Stocks,ak
#02869,绿城服务,HKG,Stocks,ak
#02877,神威药业,HKG,Stocks,ak
#02878,晶门半导体,HKG,Stocks,ak
#02880,辽港股份,HKG,Stocks,ak
#02882,香港资源控股,HKG,Stocks,ak
#02883,中海油田服务,HKG,Stocks,ak
#02885,彼岸控股,HKG,Stocks,ak
#02886,滨海投资,HKG,Stocks,ak
#02888,渣打集团,HKG,Stocks,ak
#02892,万城控股,HKG,Stocks,ak
#02898,龙润茶,HKG,Stocks,ak
#02899,紫金矿业,HKG,Stocks,ak
#02901,中国互联网投资,HKG,Stocks,ak
#02902,BOSSINIRTS,HKG,Stocks,ak
#02903,冠华国际控股,HKG,Stocks,ak
#02905,百仕达控股股权,HKG,Stocks,ak
#02912,品牌中国（二千）,HKG,Stocks,ak
#02993,民生国际（旧）,HKG,Stocks,ak
#02994,世纪娱乐国际－旧,HKG,Stocks,ak
#02996,中国疏浚环保－旧,HKG,Stocks,ak
#02997,新东方－Ｓ（旧）,HKG,Stocks,ak
#02998,米格国际控股,HKG,Stocks,ak
#03300,中国玻璃,HKG,Stocks,ak
#03301,融信中国,HKG,Stocks,ak
#03302,光控精技,HKG,Stocks,ak
#03303,巨涛海洋石油服务,HKG,Stocks,ak
#03306,江南布衣,HKG,Stocks,ak
#03308,金鹰商贸集团,HKG,Stocks,ak
#03309,希玛眼科,HKG,Stocks,ak
#03311,中国建筑国际,HKG,Stocks,ak
#03313,雅高控股,HKG,Stocks,ak
#03315,金邦达宝嘉,HKG,Stocks,ak
#03316,滨江服务,HKG,Stocks,ak
#03318,中国波顿,HKG,Stocks,ak
#03319,雅生活服务,HKG,Stocks,ak
#03320,华润医药,HKG,Stocks,ak
#03321,伟鸿集团控股,HKG,Stocks,ak
#03322,永嘉集团,HKG,Stocks,ak
#03323,中国建材,HKG,Stocks,ak
#03326,保发集团,HKG,Stocks,ak
#03328,交通银行,HKG,Stocks,ak
#03329,交银国际,HKG,Stocks,ak
#03330,灵宝黄金,HKG,Stocks,ak
#03331,维达国际,HKG,Stocks,ak
#03332,中生联合,HKG,Stocks,ak
#03333,中国恒大,HKG,Stocks,ak
#03336,巨腾国际,HKG,Stocks,ak
#03337,安东油田服务,HKG,Stocks,ak
#03339,中国龙工,HKG,Stocks,ak
#03344,共享集团,HKG,Stocks,ak
#03347,泰格医药,HKG,Stocks,ak
#03348,中国鹏飞集团,HKG,Stocks,ak
#03358,荣威国际,HKG,Stocks,ak
#03360,远东宏信,HKG,Stocks,ak
#03363,正业国际,HKG,Stocks,ak
#03366,华侨城(亚洲),HKG,Stocks,ak
#03368,百盛集团,HKG,Stocks,ak
#03369,秦港股份,HKG,Stocks,ak
#03377,远洋集团,HKG,Stocks,ak
#03378,厦门港务,HKG,Stocks,ak
#03380,龙光集团,HKG,Stocks,ak
#03382,天津港发展,HKG,Stocks,ak
#03383,雅居乐集团,HKG,Stocks,ak
#03389,亨得利,HKG,Stocks,ak
#03390,满贯集团,HKG,Stocks,ak
#03393,威胜控股,HKG,Stocks,ak
#03395,PERSTA,HKG,Stocks,ak
#03396,联想控股,HKG,Stocks,ak
#03398,华鼎控股,HKG,Stocks,ak
#03399,粤运交通,HKG,Stocks,ak
#03600,现代牙科,HKG,Stocks,ak
#03601,鲁大师,HKG,Stocks,ak
#03603,信基沙溪,HKG,Stocks,ak
#03606,福耀玻璃,HKG,Stocks,ak
#03608,永盛新材料,HKG,Stocks,ak
#03613,同仁堂国药,HKG,Stocks,ak
#03616,恒达集团控股,HKG,Stocks,ak
#03618,重庆农村商业银行,HKG,Stocks,ak
#03623,中国金融发展,HKG,Stocks,ak
#03626,HSSP INTL,HKG,Stocks,ak
#03628,仁恒实业控股,HKG,Stocks,ak
#03633,中裕燃气,HKG,Stocks,ak
#03636,保利文化,HKG,Stocks,ak
#03638,华邦金融,HKG,Stocks,ak
#03639,亿达中国,HKG,Stocks,ak
#03662,奥园健康,HKG,Stocks,ak
#03663,协众国际控股,HKG,Stocks,ak
#03666,国际天食,HKG,Stocks,ak
#03668,兖煤澳大利亚,HKG,Stocks,ak
#03669,永达汽车,HKG,Stocks,ak
#03678,弘业期货,HKG,Stocks,ak
#03680,索信达控股,HKG,Stocks,ak
#03681,中国抗体-B,HKG,Stocks,ak
#03683,荣丰联合控股,HKG,Stocks,ak
#03686,祈福生活服务,HKG,Stocks,ak
#03688,莱蒙国际,HKG,Stocks,ak
#03689,康华医疗,HKG,Stocks,ak
#03690,美团-W,HKG,Stocks,ak
#03692,翰森制药,HKG,Stocks,ak
#03698,徽商银行,HKG,Stocks,ak
#03699,光大永年,HKG,Stocks,ak
#03700,映客,HKG,Stocks,ak
#03708,中国供应链产业,HKG,Stocks,ak
#03709,赢家时尚,HKG,Stocks,ak
#03718,北控城市资源,HKG,Stocks,ak
#03728,正利控股,HKG,Stocks,ak
#03737,中智药业,HKG,Stocks,ak
#03738,阜博集团,HKG,Stocks,ak
#03759,康龙化成,HKG,Stocks,ak
#03768,滇池水务,HKG,Stocks,ak
#03773,年年卡,HKG,Stocks,ak
#03778,中国织材控股,HKG,Stocks,ak
#03788,中国罕王,HKG,Stocks,ak
#03789,御佳控股,HKG,Stocks,ak
#03798,家乡互动,HKG,Stocks,ak
#03799,达利食品,HKG,Stocks,ak
#03800,保利协鑫能源,HKG,Stocks,ak
#03808,中国重汽,HKG,Stocks,ak
#03813,宝胜国际,HKG,Stocks,ak
#03816,KFM金德,HKG,Stocks,ak
#03818,中国动向,HKG,Stocks,ak
#03822,三和建筑集团,HKG,Stocks,ak
#03828,明辉国际,HKG,Stocks,ak
#03830,童园国际,HKG,Stocks,ak
#03833,新疆新鑫矿业,HKG,Stocks,ak
#03836,和谐汽车,HKG,Stocks,ak
#03838,中国淀粉,HKG,Stocks,ak
#03839,正大企业国际,HKG,Stocks,ak
#03848,富道集团,HKG,Stocks,ak
#03860,尚捷集团控股,HKG,Stocks,ak
#03866,青岛银行,HKG,Stocks,ak
#03868,信义能源,HKG,Stocks,ak
#03869,弘和仁爱医疗,HKG,Stocks,ak
#03877,中国船舶租赁,HKG,Stocks,ak
#03878,VICON HOLDINGS,HKG,Stocks,ak
#03882,天彩控股,HKG,Stocks,ak
#03883,中国奥园,HKG,Stocks,ak
#03886,康健国际医疗,HKG,Stocks,ak
#03888,金山软件,HKG,Stocks,ak
#03889,大成糖业,HKG,Stocks,ak
#03893,易纬集团,HKG,Stocks,ak
#03898,中车时代电气,HKG,Stocks,ak
#03899,中集安瑞科,HKG,Stocks,ak
#03900,绿城中国,HKG,Stocks,ak
#03903,瀚华金控,HKG,Stocks,ak
#03908,中金公司,HKG,Stocks,ak
#03913,合景悠活,HKG,Stocks,ak
#03918,金界控股,HKG,Stocks,ak
#03919,金力集团,HKG,Stocks,ak
#03928,S&T HLDGS,HKG,Stocks,ak
#03933,联邦制药,HKG,Stocks,ak
#03938,LFG投资控股,HKG,Stocks,ak
#03939,万国国际矿业,HKG,Stocks,ak
#03948,伊泰煤炭,HKG,Stocks,ak
#03958,东方证券,HKG,Stocks,ak
#03963,融众金融,HKG,Stocks,ak
#03968,招商银行,HKG,Stocks,ak
#03969,中国通号,HKG,Stocks,ak
#03978,卓越教育集团,HKG,Stocks,ak
#03983,中海石油化学,HKG,Stocks,ak
#03988,中国银行,HKG,Stocks,ak
#03989,首创环境,HKG,Stocks,ak
#03990,美的置业,HKG,Stocks,ak
#03991,长虹佳华,HKG,Stocks,ak
#03992,创毅控股,HKG,Stocks,ak
#03993,洛阳钼业,HKG,Stocks,ak
#03996,中国能源建设,HKG,Stocks,ak
#03997,电讯首科,HKG,Stocks,ak
#03998,波司登,HKG,Stocks,ak
#03999,大成食品,HKG,Stocks,ak
#04332,AMGEN-T,HKG,Stocks,ak
#04333,思科－Ｔ,HKG,Stocks,ak
#04335,英特尔－Ｔ,HKG,Stocks,ak
#04336,应用材料－Ｔ,HKG,Stocks,ak
#04337,星巴克－Ｔ,HKG,Stocks,ak
#04338,微软－Ｔ,HKG,Stocks,ak
#05270,LSD BND17 N2209,HKG,Stocks,ak
#06030,中信证券,HKG,Stocks,ak
#06033,电讯数码控股,HKG,Stocks,ak
#06036,光丽科技,HKG,Stocks,ak
#06038,信越控股,HKG,Stocks,ak
#06049,保利物业,HKG,Stocks,ak
#06055,中烟香港,HKG,Stocks,ak
#06058,兴证国际,HKG,Stocks,ak
#06060,众安在线,HKG,Stocks,ak
#06063,智中国际,HKG,Stocks,ak
#06066,中信建投证券,HKG,Stocks,ak
#06068,睿见教育,HKG,Stocks,ak
#06069,盛业资本,HKG,Stocks,ak
#06078,海吉亚医疗,HKG,Stocks,ak
#06080,荣智控股,HKG,Stocks,ak
#06083,环宇物流(亚洲),HKG,Stocks,ak
#06088,鸿腾六零八八精密科技,HKG,Stocks,ak
#06090,胜捷企业,HKG,Stocks,ak
#06093,和泓服务,HKG,Stocks,ak
#06098,碧桂园服务,HKG,Stocks,ak
#06099,招商证券,HKG,Stocks,ak
#06100,同道猎聘,HKG,Stocks,ak
#06108,新锐医药,HKG,Stocks,ak
#06110,滔搏,HKG,Stocks,ak
#06111,大发地产,HKG,Stocks,ak
#06113,UTS MARKETING,HKG,Stocks,ak
#06116,拉夏贝尔,HKG,Stocks,ak
#06117,日照港裕廊,HKG,Stocks,ak
#06118,奥星生命科技,HKG,Stocks,ak
#06119,天源集团,HKG,Stocks,ak
#06122,九台农商银行,HKG,Stocks,ak
#06123,圆通速递国际,HKG,Stocks,ak
#06127,昭衍新药,HKG,Stocks,ak
#06128,泛亚国际,HKG,Stocks,ak
#06133,维太创科,HKG,Stocks,ak
#06136,康达环保,HKG,Stocks,ak
#06138,哈尔滨银行,HKG,Stocks,ak
#06158,正荣地产,HKG,Stocks,ak
#06160,百济神州,HKG,Stocks,ak
#06161,泰加保险,HKG,Stocks,ak
#06162,天瑞汽车内饰,HKG,Stocks,ak
#06163,彭顺国际,HKG,Stocks,ak
#06166,中国宏泰发展,HKG,Stocks,ak
#06168,优通未来,HKG,Stocks,ak
#06169,宇华教育,HKG,Stocks,ak
#06178,光大证券,HKG,Stocks,ak
#06182,乙德投资控股,HKG,Stocks,ak
#06183,中国绿宝,HKG,Stocks,ak
#06185,康希诺生物-B,HKG,Stocks,ak
#06186,中国飞鹤,HKG,Stocks,ak
#06188,迪信通,HKG,Stocks,ak
#06189,爱得威建设集团,HKG,Stocks,ak
#06190,九江银行,HKG,Stocks,ak
#06193,泰林科建,HKG,Stocks,ak
#06196,郑州银行,HKG,Stocks,ak
#06198,青岛港,HKG,Stocks,ak
#06199,贵州银行,HKG,Stocks,ak
#06600,赛生药业,HKG,Stocks,ak
#06601,朝云集团,HKG,Stocks,ak
#06606,诺辉健康-B,HKG,Stocks,ak
#06618,京东健康,HKG,Stocks,ak
#06666,恒大物业,HKG,Stocks,ak
#06668,星盛商业,HKG,Stocks,ak
#06677,远洋服务,HKG,Stocks,ak
#06690,海尔智家,HKG,Stocks,ak
#06805,金茂源环保,HKG,Stocks,ak
#06806,申万宏源,HKG,Stocks,ak
#06808,高鑫零售,HKG,Stocks,ak
#06811,太兴集团,HKG,Stocks,ak
#06812,永顺控股香港,HKG,Stocks,ak
#06816,瑞港建设,HKG,Stocks,ak
#06818,中国光大银行,HKG,Stocks,ak
#06819,中智全球,HKG,Stocks,ak
#06820,友谊时光,HKG,Stocks,ak
#06822,科劲国际,HKG,Stocks,ak
#06823,香港电讯-SS,HKG,Stocks,ak
#06826,昊海生物科技,HKG,Stocks,ak
#06828,北京燃气蓝天,HKG,Stocks,ak
#06829,龙升集团控股,HKG,Stocks,ak
#06830,华众车载,HKG,Stocks,ak
#06833,兴科蓉医药,HKG,Stocks,ak
#06836,天韵国际控股,HKG,Stocks,ak
#06837,海通证券,HKG,Stocks,ak
#06838,盈利时,HKG,Stocks,ak
#06839,云南水务,HKG,Stocks,ak
#06855,亚盛医药-B,HKG,Stocks,ak
#06858,本间高尔夫,HKG,Stocks,ak
#06860,指尖悦动,HKG,Stocks,ak
#06862,海底捞,HKG,Stocks,ak
#06865,福莱特玻璃,HKG,Stocks,ak
#06866,佐力小贷,HKG,Stocks,ak
#06868,天福,HKG,Stocks,ak
#06869,长飞光纤光缆,HKG,Stocks,ak
#06877,昆仑国际金融,HKG,Stocks,ak
#06878,鼎丰集团控股,HKG,Stocks,ak
#06880,腾邦控股,HKG,Stocks,ak
#06881,中国银河,HKG,Stocks,ak
#06882,东瀛游,HKG,Stocks,ak
#06885,金马能源,HKG,Stocks,ak
#06886,华泰证券,HKG,Stocks,ak
#06888,英达公路再生科技,HKG,Stocks,ak
#06889,DYNAM JAPAN,HKG,Stocks,ak
#06890,康利国际控股,HKG,Stocks,ak
#06893,衍生集团,HKG,Stocks,ak
#06896,金嗓子,HKG,Stocks,ak
#06898,中国铝罐,HKG,Stocks,ak
#06899,联众,HKG,Stocks,ak
#06900,上坤地产,HKG,Stocks,ak
#06908,宏光照明,HKG,Stocks,ak
#06918,奇士达,HKG,Stocks,ak
#06919,人瑞人才,HKG,Stocks,ak
#06928,TOMO HOLDINGS,HKG,Stocks,ak
#06933,新娱科控股,HKG,Stocks,ak
#06958,正荣服务,HKG,Stocks,ak
#06966,中国万桐园,HKG,Stocks,ak
#06968,港龙中国地产,HKG,Stocks,ak
#06969,思摩尔国际,HKG,Stocks,ak
#06978,永泰生物-B,HKG,Stocks,ak
#06988,乐享互动,HKG,Stocks,ak
#06989,卓越商企服务,HKG,Stocks,ak
#06993,蓝月亮集团,HKG,Stocks,ak
#06996,德琪医药-B,HKG,Stocks,ak
#06998,嘉和生物-B,HKG,Stocks,ak
#06999,领地控股,HKG,Stocks,ak
#08001,东方汇财证券,HKG,Stocks,ak
#08003,世大控股,HKG,Stocks,ak
#08005,裕兴科技,HKG,Stocks,ak
#08006,华泰瑞银,HKG,Stocks,ak
#08007,环球战略集团,HKG,Stocks,ak
#08009,华夏能源控股,HKG,Stocks,ak
#08011,百田石油,HKG,Stocks,ak
#08013,ECI TECH,HKG,Stocks,ak
#08017,捷利交易宝,HKG,Stocks,ak
#08018,汇财金融投资,HKG,Stocks,ak
#08019,皓文控股,HKG,Stocks,ak
#08020,宏海控股集团,HKG,Stocks,ak
#08021,汇隆控股,HKG,Stocks,ak
#08022,永耀集团控股,HKG,Stocks,ak
#08023,邝文记,HKG,Stocks,ak
#08025,亚洲资产,HKG,Stocks,ak
#08026,朗华国际集团,HKG,Stocks,ak
#08027,吉辉控股,HKG,Stocks,ak
#08028,天时软件,HKG,Stocks,ak
#08029,太阳国际,HKG,Stocks,ak
#08030,汇联金融服务,HKG,Stocks,ak
#08031,易通讯集团,HKG,Stocks,ak
#08032,非凡中国,HKG,Stocks,ak
#08033,爱达利网络,HKG,Stocks,ak
#08035,骏高控股,HKG,Stocks,ak
#08036,电子交易集团,HKG,Stocks,ak
#08037,中国生物科技服务,HKG,Stocks,ak
#08039,中国卓银,HKG,Stocks,ak
#08040,DCB控股,HKG,Stocks,ak
#08041,荟萃国际(控股),HKG,Stocks,ak
#08042,高奥士国际,HKG,Stocks,ak
#08043,ATLINKS,HKG,Stocks,ak
#08045,南大苏富特,HKG,Stocks,ak
#08047,中国海洋发展,HKG,Stocks,ak
#08048,御德国际控股,HKG,Stocks,ak
#08049,吉林长龙药业,HKG,Stocks,ak
#08050,量子思维,HKG,Stocks,ak
#08051,讯智海,HKG,Stocks,ak
#08052,陆庆娱乐,HKG,Stocks,ak
#08053,比优集团,HKG,Stocks,ak
#08055,中国网络信息科技,HKG,Stocks,ak
#08056,生活概念,HKG,Stocks,ak
#08057,麦迪森控股,HKG,Stocks,ak
#08059,朝威控股,HKG,Stocks,ak
#08060,国联通信,HKG,Stocks,ak
#08062,俊盟国际,HKG,Stocks,ak
#08063,环球大通集团,HKG,Stocks,ak
#08065,高萌科技,HKG,Stocks,ak
#08066,品创控股,HKG,Stocks,ak
#08067,东方大学城控股,HKG,Stocks,ak
#08069,纵横游控股,HKG,Stocks,ak
#08070,侨洋国际控股,HKG,Stocks,ak
#08071,中彩网通控股,HKG,Stocks,ak
#08072,罗马集团,HKG,Stocks,ak
#08073,兴业新材料,HKG,Stocks,ak
#08075,寰亚传媒,HKG,Stocks,ak
#08076,新利软件,HKG,Stocks,ak
#08078,中国创意数码,HKG,Stocks,ak
#08079,易还财务投资,HKG,Stocks,ak
#08080,北亚策略,HKG,Stocks,ak
#08081,恒泰裕集团,HKG,Stocks,ak
#08082,太阳娱乐集团,HKG,Stocks,ak
#08083,中国有赞,HKG,Stocks,ak
#08086,新维国际控股,HKG,Stocks,ak
#08087,中国三三传媒,HKG,Stocks,ak
#08088,汇友生命科学,HKG,Stocks,ak
#08089,华人策略控股,HKG,Stocks,ak
#08091,奥传思维控股,HKG,Stocks,ak
#08092,ITE HOLDINGS,HKG,Stocks,ak
#08093,万星控股,HKG,Stocks,ak
#08095,北大青鸟环宇,HKG,Stocks,ak
#08096,赏之味,HKG,Stocks,ak
#08098,昌利控股,HKG,Stocks,ak
#08100,智易控股,HKG,Stocks,ak
#08101,壹家壹品,HKG,Stocks,ak
#08103,HMVOD视频,HKG,Stocks,ak
#08106,升华兰德,HKG,Stocks,ak
#08107,威诚国际控股,HKG,Stocks,ak
#08108,福泽集团,HKG,Stocks,ak
#08109,麒麟集团控股,HKG,Stocks,ak
#08111,中国科技产业集团,HKG,Stocks,ak
#08112,基石金融,HKG,Stocks,ak
#08113,扬宇科技,HKG,Stocks,ak
#08115,上海青浦消防,HKG,Stocks,ak
#08116,中国幸福投资,HKG,Stocks,ak
#08117,中国基础能源,HKG,Stocks,ak
#08118,濠亮环球,HKG,Stocks,ak
#08119,即时科研,HKG,Stocks,ak
#08120,国农金融投资,HKG,Stocks,ak
#08121,超凡网络,HKG,Stocks,ak
#08123,华亿金控,HKG,Stocks,ak
#08125,仁德资源,HKG,Stocks,ak
#08126,G.A.控股,HKG,Stocks,ak
#08128,中国地热能,HKG,Stocks,ak
#08130,大地国际集团,HKG,Stocks,ak
#08131,辰罡科技,HKG,Stocks,ak
#08132,中油港燃,HKG,Stocks,ak
#08133,铸能控股,HKG,Stocks,ak
#08135,正美丰业,HKG,Stocks,ak
#08136,英马斯集团,HKG,Stocks,ak
#08137,洪桥集团,HKG,Stocks,ak
#08139,长安仁恒,HKG,Stocks,ak
#08140,人和科技,HKG,Stocks,ak
#08143,金威医疗,HKG,Stocks,ak
#08146,怡园酒业,HKG,Stocks,ak
#08147,汇思太平洋,HKG,Stocks,ak
#08148,奥嘀泄,HKG,Stocks,ak
#08149,浩德控股,HKG,Stocks,ak
#08150,无缝绿色,HKG,Stocks,ak
#08151,宝申控股,HKG,Stocks,ak
#08152,明梁控股,HKG,Stocks,ak
#08153,科地农业,HKG,Stocks,ak
#08155,南华资产控股,HKG,Stocks,ak
#08156,国药科技股份,HKG,Stocks,ak
#08158,中国再生医学,HKG,Stocks,ak
#08159,辉煌科技,HKG,Stocks,ak
#08160,金汇教育,HKG,Stocks,ak
#08161,医汇集团,HKG,Stocks,ak
#08162,港银控股,HKG,Stocks,ak
#08163,领智金融,HKG,Stocks,ak
#08166,中国农业生态,HKG,Stocks,ak
#08167,中国新电信,HKG,Stocks,ak
#08168,宝积资本,HKG,Stocks,ak
#08169,环康集团,HKG,Stocks,ak
#08170,全民国际,HKG,Stocks,ak
#08171,中国趋势,HKG,Stocks,ak
#08172,拉近网娱,HKG,Stocks,ak
#08173,万亚企业控股,HKG,Stocks,ak
#08175,中国数码文化,HKG,Stocks,ak
#08176,超人智能,HKG,Stocks,ak
#08178,中国信息科技,HKG,Stocks,ak
#08179,百利达集团控股,HKG,Stocks,ak
#08181,时时服务,HKG,Stocks,ak
#08186,同仁资源,HKG,Stocks,ak
#08187,积木集团,HKG,Stocks,ak
#08188,骏杰集团控股,HKG,Stocks,ak
#08189,泰达生物,HKG,Stocks,ak
#08191,鸿伟亚洲,HKG,Stocks,ak
#08192,环球通证,HKG,Stocks,ak
#08193,亚太金融投资,HKG,Stocks,ak
#08195,乐亚国际,HKG,Stocks,ak
#08196,建禹集团,HKG,Stocks,ak
#08198,乐透互娱,HKG,Stocks,ak
#08200,修身堂,HKG,Stocks,ak
#08201,宝联控股,HKG,Stocks,ak
#08202,汇创控股,HKG,Stocks,ak
#08203,凯顺控股,HKG,Stocks,ak
#08205,交大慧谷,HKG,Stocks,ak
#08206,神通机器人教育,HKG,Stocks,ak
#08208,WMCH GLOBAL,HKG,Stocks,ak
#08210,衍汇亚洲,HKG,Stocks,ak
#08211,浙江永安,HKG,Stocks,ak
#08213,荣晖控股,HKG,Stocks,ak
#08215,FIRST CREDIT,HKG,Stocks,ak
#08216,丰城控股,HKG,Stocks,ak
#08217,联旺集团(新),HKG,Stocks,ak
#08218,毅高国际控股,HKG,Stocks,ak
#08219,恒伟集团控股,HKG,Stocks,ak
#08220,比高集团,HKG,Stocks,ak
#08221,PF GROUP,HKG,Stocks,ak
#08222,壹照明,HKG,Stocks,ak
#08223,紫元元,HKG,Stocks,ak
#08225,中国医疗集团,HKG,Stocks,ak
#08226,树熊金融集团,HKG,Stocks,ak
#08227,海天天线,HKG,Stocks,ak
#08228,国艺娱乐,HKG,Stocks,ak
#08229,FUTURE DATA,HKG,Stocks,ak
#08231,节能元件,HKG,Stocks,ak
#08232,CLASSIFIED GP,HKG,Stocks,ak
#08235,赛迪顾问,HKG,Stocks,ak
#08237,华星控股,HKG,Stocks,ak
#08238,惠陶集团,HKG,Stocks,ak
#08239,首都金融控股,HKG,Stocks,ak
#08241,英记茶庄集团,HKG,Stocks,ak
#08242,新威斯顿,HKG,Stocks,ak
#08245,安悦国际控股,HKG,Stocks,ak
#08246,中华燃气,HKG,Stocks,ak
#08247,中生北控生物科技,HKG,Stocks,ak
#08249,瑞远智控,HKG,Stocks,ak
#08250,丝路能源,HKG,Stocks,ak
#08255,神州数字,HKG,Stocks,ak
#08257,靖洋集团,HKG,Stocks,ak
#08258,西北实业,HKG,Stocks,ak
#08259,HON CORP,HKG,Stocks,ak
#08260,银合控股,HKG,Stocks,ak
#08262,宏强控股,HKG,Stocks,ak
#08265,中国之信集团,HKG,Stocks,ak
#08266,卓信国际控股,HKG,Stocks,ak
#08267,蓝港互动,HKG,Stocks,ak
#08268,智城发展控股,HKG,Stocks,ak
#08269,富誉控股,HKG,Stocks,ak
#08270,中国煤层气,HKG,Stocks,ak
#08271,环球数码创意,HKG,Stocks,ak
#08272,华人饮食集团,HKG,Stocks,ak
#08275,永勤集团控股,HKG,Stocks,ak
#08277,骏东控股,HKG,Stocks,ak
#08279,亚博科技控股,HKG,Stocks,ak
#08280,中国数字视频,HKG,Stocks,ak
#08281,中国金典集团,HKG,Stocks,ak
#08282,智傲控股,HKG,Stocks,ak
#08283,正力控股,HKG,Stocks,ak
#08285,森浩集团,HKG,Stocks,ak
#08286,长城微光,HKG,Stocks,ak
#08287,百家淘客,HKG,Stocks,ak
#08290,亚势备份,HKG,Stocks,ak
#08291,万成金属包装,HKG,Stocks,ak
#08292,盛良物流,HKG,Stocks,ak
#08293,星亚控股,HKG,Stocks,ak
#08295,中植资本国际,HKG,Stocks,ak
#08296,中国生命集团,HKG,Stocks,ak
#08297,芭迪贝伊,HKG,Stocks,ak
#08299,大唐潼金,HKG,Stocks,ak
#08300,皇玺餐饮集团,HKG,Stocks,ak
#08301,明华科技,HKG,Stocks,ak
#08305,棠记控股,HKG,Stocks,ak
#08307,密迪斯肌,HKG,Stocks,ak
#08308,古兜控股,HKG,Stocks,ak
#08309,万成环球控股,HKG,Stocks,ak
#08310,大丰港,HKG,Stocks,ak
#08311,圆美光电,HKG,Stocks,ak
#08313,杰地集团,HKG,Stocks,ak
#08315,长城汇理,HKG,Stocks,ak
#08316,全通控股,HKG,Stocks,ak
#08317,财华社集团,HKG,Stocks,ak
#08319,思博系统,HKG,Stocks,ak
#08320,沛然环保(新),HKG,Stocks,ak
#08321,泰锦控股,HKG,Stocks,ak
#08325,中国支付通,HKG,Stocks,ak
#08326,同景新能源,HKG,Stocks,ak
#08328,信义储电,HKG,Stocks,ak
#08329,海王英特龙,HKG,Stocks,ak
#08331,倍搏集团,HKG,Stocks,ak
#08333,阿仕特朗金融,HKG,Stocks,ak
#08337,直通电讯,HKG,Stocks,ak
#08340,域高金融,HKG,Stocks,ak
#08341,艾硕控股,HKG,Stocks,ak
#08347,F8企业,HKG,Stocks,ak
#08348,滨海泰达物流,HKG,Stocks,ak
#08349,美固科技控股,HKG,Stocks,ak
#08350,骏溢环球金融,HKG,Stocks,ak
#08351,俊文宝石,HKG,Stocks,ak
#08353,安科系统,HKG,Stocks,ak
#08356,中国新华电视,HKG,Stocks,ak
#08357,REPUBLIC HC,HKG,Stocks,ak
#08360,利骏集团香港,HKG,Stocks,ak
#08362,运兴泰集团,HKG,Stocks,ak
#08363,SDM GROUP,HKG,Stocks,ak
#08365,建泉国际控股,HKG,Stocks,ak
#08366,浙江联合投资,HKG,Stocks,ak
#08367,倩碧控股,HKG,Stocks,ak
#08368,中国创意控股,HKG,Stocks,ak
#08370,智N集团控股,HKG,Stocks,ak
#08371,尝高美集团,HKG,Stocks,ak
#08372,君百延集团,HKG,Stocks,ak
#08373,靛蓝星,HKG,Stocks,ak
#08375,弘浩国际控股,HKG,Stocks,ak
#08377,申酉控股,HKG,Stocks,ak
#08379,汇安智能,HKG,Stocks,ak
#08383,东骏控股,HKG,Stocks,ak
#08385,万里印刷,HKG,Stocks,ak
#08391,基石科技控股,HKG,Stocks,ak
#08392,舍图控股,HKG,Stocks,ak
#08395,齐家控股,HKG,Stocks,ak
#08400,亚洲先锋娱乐,HKG,Stocks,ak
#08401,源想集团,HKG,Stocks,ak
#08402,GT STEEL GROUP,HKG,Stocks,ak
#08403,天平道合,HKG,Stocks,ak
#08405,恒智控股,HKG,Stocks,ak
#08406,合宝丰年,HKG,Stocks,ak
#08411,K W NELSON GP,HKG,Stocks,ak
#08412,高门集团,HKG,Stocks,ak
#08413,亚洲杂货,HKG,Stocks,ak
#08416,HM INTL HLDGS,HKG,Stocks,ak
#08417,大地教育,HKG,Stocks,ak
#08418,傲迪玛汽车,HKG,Stocks,ak
#08419,AV策划推广,HKG,Stocks,ak
#08420,NEXION TECH,HKG,Stocks,ak
#08422,WT集团,HKG,Stocks,ak
#08423,环⒄箍毓,HKG,Stocks,ak
#08425,兴铭控股,HKG,Stocks,ak
#08426,雅居投资控股,HKG,Stocks,ak
#08427,瑞强集团,HKG,Stocks,ak
#08428,国茂控股,HKG,Stocks,ak
#08429,冰雪集团,HKG,Stocks,ak
#08430,春能控股,HKG,Stocks,ak
#08431,浩柏国际,HKG,Stocks,ak
#08432,太平洋酒吧,HKG,Stocks,ak
#08436,德宝集团控股,HKG,Stocks,ak
#08437,德斯控股,HKG,Stocks,ak
#08439,新百利融资,HKG,Stocks,ak
#08441,国际永胜集团,HKG,Stocks,ak
#08445,怡康泰工程集团,HKG,Stocks,ak
#08446,ITP HOLDINGS,HKG,Stocks,ak
#08447,MS CONCEPT,HKG,Stocks,ak
#08448,环球印馆,HKG,Stocks,ak
#08450,钜京控股,HKG,Stocks,ak
#08451,日光控股,HKG,Stocks,ak
#08452,富银融资股份,HKG,Stocks,ak
#08455,礼建德集团,HKG,Stocks,ak
#08456,民信国际控股,HKG,Stocks,ak
#08460,基地锦标集团,HKG,Stocks,ak
#08462,桥英控股,HKG,Stocks,ak
#08471,新达控股,HKG,Stocks,ak
#08472,立高控股,HKG,Stocks,ak
#08473,弥明生活百货,HKG,Stocks,ak
#08475,千盛集团控股,HKG,Stocks,ak
#08476,大洋环球控股,HKG,Stocks,ak
#08479,金泰丰国际控股,HKG,Stocks,ak
#08480,飞霓控股,HKG,Stocks,ak
#08481,盛龙锦秀国际,HKG,Stocks,ak
#08482,万励达,HKG,Stocks,ak
#08483,名仕快相,HKG,Stocks,ak
#08487,ISP GLOBAL,HKG,Stocks,ak
#08489,裕程物流,HKG,Stocks,ak
#08490,骏码科技,HKG,Stocks,ak
#08491,COOL LINK,HKG,Stocks,ak
#08493,龙皇集团,HKG,Stocks,ak
#08495,1957 & CO.,HKG,Stocks,ak
#08496,新加坡美食控股,HKG,Stocks,ak
#08500,天泓文创,HKG,Stocks,ak
#08501,庄皇集团公司,HKG,Stocks,ak
#08502,远航港口,HKG,Stocks,ak
#08506,福纺控股,HKG,Stocks,ak
#08507,爱世纪集团,HKG,Stocks,ak
#08509,威扬酒业控股,HKG,Stocks,ak
#08510,TOPSTANDARDCORP,HKG,Stocks,ak
#08511,智诚科技,HKG,Stocks,ak
#08512,凯富善集团控股,HKG,Stocks,ak
#08513,官酝控股,HKG,Stocks,ak
#08516,广骏集团控股,HKG,Stocks,ak
#08519,佳民集团,HKG,Stocks,ak
#08521,智纺国际控股,HKG,Stocks,ak
#08523,常满控股,HKG,Stocks,ak
#08525,百应控股,HKG,Stocks,ak
#08526,荣丰集团亚洲,HKG,Stocks,ak
#08527,聚利宝控股,HKG,Stocks,ak
#08532,宝发控股,HKG,Stocks,ak
#08535,荧德控股,HKG,Stocks,ak
#08536,TL NATURAL GAS,HKG,Stocks,ak
#08537,创辉珠宝,HKG,Stocks,ak
#08540,胜利证券,HKG,Stocks,ak
#08545,佰悦集团,HKG,Stocks,ak
#08547,PACIFIC LEGEND,HKG,Stocks,ak
#08591,永勤集团控股,HKG,Stocks,ak
#08593,沛然环保（旧）,HKG,Stocks,ak
#08595,树熊金融集团,HKG,Stocks,ak
#08596,罗马集团股权,HKG,Stocks,ak
#08601,宝[控股,HKG,Stocks,ak
#08603,亮晴控股,HKG,Stocks,ak
#08606,冠控股,HKG,Stocks,ak
#08607,纳尼亚集团,HKG,Stocks,ak
#08609,永续农业,HKG,Stocks,ak
#08611,MINDTELL TECH,HKG,Stocks,ak
#08612,维亮控股,HKG,Stocks,ak
#08613,东方支付集团控股,HKG,Stocks,ak
#08616,新威工程集团,HKG,Stocks,ak
#08617,永联丰控股,HKG,Stocks,ak
#08619,WAC HOLDINGS,HKG,Stocks,ak
#08620,亚洲速运,HKG,Stocks,ak
#08621,METROPOLIS CAP,HKG,Stocks,ak
#08622,华康生物医学,HKG,Stocks,ak
#08623,中国蜀塔,HKG,Stocks,ak
#08627,旅橙文化,HKG,Stocks,ak
#08631,申港控股,HKG,Stocks,ak
#08635,连成科技集团,HKG,Stocks,ak
#08645,NOMAD TECH,HKG,Stocks,ak
#08646,中国宏光,HKG,Stocks,ak
#08657,TRUE PARTNER,HKG,Stocks,ak
#08659,易和国际控股,HKG,Stocks,ak
#08668,瀛海集团,HKG,Stocks,ak
#09600,新纽科技,HKG,Stocks,ak
#09608,宋都服务,HKG,Stocks,ak
#09616,东软教育,HKG,Stocks,ak
#09618,京东集团-SW,HKG,Stocks,ak
#09633,农夫山泉,HKG,Stocks,ak
#09666,金科服务,HKG,Stocks,ak
#09668,渤海银行,HKG,Stocks,ak
#09677,威海银行,HKG,Stocks,ak
#09688,再鼎医药-SB,HKG,Stocks,ak
#09698,万国数据-SW,HKG,Stocks,ak
#09888,百度集团-SW,HKG,Stocks,ak
#09900,德益控股,HKG,Stocks,ak
#09901,新东方-S(新),HKG,Stocks,ak
#09906,宏力医疗管理,HKG,Stocks,ak
#09908,嘉兴燃气,HKG,Stocks,ak
#09909,宝龙商业,HKG,Stocks,ak
#09911,赤子城科技,HKG,Stocks,ak
#09913,智勤控股,HKG,Stocks,ak
#09916,兴业物联,HKG,Stocks,ak
#09918,丽年国际,HKG,Stocks,ak
#09919,艾德韦宣集团,HKG,Stocks,ak
#09922,九毛九,HKG,Stocks,ak
#09923,移卡,HKG,Stocks,ak
#09926,康方生物-B,HKG,Stocks,ak
#09928,时代邻里,HKG,Stocks,ak
#09929,澳达控股,HKG,Stocks,ak
#09933,GHW INTL,HKG,Stocks,ak
#09936,稀美资源,HKG,Stocks,ak
#09938,华和控股,HKG,Stocks,ak
#09939,开拓药业-B,HKG,Stocks,ak
#09958,力天影业,HKG,Stocks,ak
#09963,高科桥,HKG,Stocks,ak
#09966,康宁杰瑞制药-B,HKG,Stocks,ak
#09968,汇景控股,HKG,Stocks,ak
#09969,诺诚健华-B,HKG,Stocks,ak
#09977,凤祥股份,HKG,Stocks,ak
#09978,方圆房服集团,HKG,Stocks,ak
#09979,绿城管理控股,HKG,Stocks,ak
#09983,建业新生活,HKG,Stocks,ak
#09986,大山教育,HKG,Stocks,ak
#09987,百胜中国-S,HKG,Stocks,ak
#09988,阿里巴巴-SW,HKG,Stocks,ak
#09989,海普瑞,HKG,Stocks,ak
#09990,祖龙娱乐,HKG,Stocks,ak
#09991,宝尊电商-SW,HKG,Stocks,ak
#09992,泡泡玛特,HKG,Stocks,ak
#09993,金辉控股,HKG,Stocks,ak
#09995,荣昌生物-B,HKG,Stocks,ak
#09996,沛嘉医疗-B,HKG,Stocks,ak
#09997,康基医疗,HKG,Stocks,ak
#09998,光荣控股,HKG,Stocks,ak
#09999,网易-S,HKG,Stocks,ak
